pattern_id,timeframe,pattern_type,breakout_time,breakout_side,breakout_boundary,higher_tf_context,breakout_zone_present,breakout_zone_price,breakout_zone_strength,breakout_zone_sources,breakout_zone_timeframes,breakout_zone_relation,next_obstacle_present,next_obstacle_price,next_obstacle_distance_atr,next_obstacle_strength,next_obstacle_sources,next_obstacle_timeframes,next_obstacle_relation,available_space_atr,alignment_and_obstacle,zone_strength_bucket,zone_origin_bucket
GOLD_M1_TRIANGLE_DESCENDING_3236,M1,TRIANGLE_DESCENDING,2026-06-30 07:54:00,UP,4028.6689655172404,NO_NEAR_HTF_ZONE,False,,0,,,NO_ALIGNMENT,False,,,0,,,NO_NEAR_OBSTACLE,,False,NO_ZONE,NO_ZONE
GOLD_M1_TRIANGLE_DESCENDING_4267,M1,TRIANGLE_DESCENDING,2026-07-01 02:05:00,DOWN,3975.292551724135,STRUCTURAL_OBSTACLE_AHEAD,False,,0,,,NO_ALIGNMENT,True,3973.57,0.6580833892024989,3,SWING,H1,STRUCTURAL_OBSTACLE_AHEAD,0.6580833892024989,False,MEDIUM_ZONE,HAS_SWING
GOLD_M5_TRIANGLE_SYMMETRIC_513,M5,TRIANGLE_SYMMETRIC,2025-01-29 19:55:00,DOWN,2755.7878787878785,RANGE_BOUNDARY_AHEAD,False,,0,,,NO_ALIGNMENT,True,2755.0,0.2876743888700978,2,RANGE,M15,RANGE_BOUNDARY_AHEAD,0.2876743888700978,False,MEDIUM_ZONE,HAS_RANGE
GOLD_M5_TRIANGLE_SYMMETRIC_804,M5,TRIANGLE_SYMMETRIC,2025-01-30 22:10:00,UP,2793.620454545455,NO_NEAR_HTF_ZONE,False,,0,,,NO_ALIGNMENT,False,,,0,,,NO_NEAR_OBSTACLE,,False,NO_ZONE,NO_ZONE
GOLD_M5_TRIANGLE_ASCENDING_1304,M5,TRIANGLE_ASCENDING,2025-02-03 16:50:00,UP,2819.4218181818173,NO_NEAR_HTF_ZONE,False,,0,,,NO_ALIGNMENT,False,,,0,,,NO_NEAR_OBSTACLE,,False,NO_ZONE,NO_ZONE
GOLD_M5_TRIANGLE_SYMMETRIC_1317,M5,TRIANGLE_SYMMETRIC,2025-02-03 17:55:00,UP,2819.3866666666663,HTF_ZONE_ALIGNMENT_CLEAR_SPACE,True,2819.29,1,PREVIOUS,H1,CANDLE_EXTREME_ALIGNMENT,False,,,0,,,NO_NEAR_OBSTACLE,,False,WEAK_ZONE,PREVIOUS_ONLY
GOLD_M5_RANGE_BOX_3221,M5,RANGE_BOX,2025-02-12 15:35:00,UP,2894.6556060606054,NO_NEAR_HTF_ZONE,False,,0,,,NO_ALIGNMENT,False,,,0,,,NO_NEAR_OBSTACLE,,False,NO_ZONE,NO_ZONE
GOLD_M5_TRIANGLE_ASCENDING_3539,M5,TRIANGLE_ASCENDING,2025-02-13 19:05:00,DOWN,2926.0587878787883,STRUCTURAL_OBSTACLE_AHEAD,False,,0,,,NO_ALIGNMENT,True,2924.65,0.8805135114667086,5,RANGE+SWING,M15,STRUCTURAL_OBSTACLE_AHEAD,0.8805135114667086,False,STRONG_ZONE,HAS_RANGE_AND_SWING
GOLD_M5_TRIANGLE_DESCENDING_4068,M5,TRIANGLE_DESCENDING,2025-02-17 17:10:00,DOWN,2898.0389393939404,NO_NEAR_HTF_ZONE,False,,0,,,NO_ALIGNMENT,False,,,0,,,NO_NEAR_OBSTACLE,,False,NO_ZONE,NO_ZONE
GOLD_M5_TRIANGLE_SYMMETRIC_4976,M5,TRIANGLE_SYMMETRIC,2025-02-21 03:20:00,DOWN,2931.0577272727273,INSIDE_HTF_CANDLE_RANGE,False,,0,,,NO_ALIGNMENT,True,2928.94,0.9206177714571925,1,PREVIOUS,M15,INSIDE_HTF_CANDLE_RANGE,0.9206177714571925,False,WEAK_ZONE,PREVIOUS_ONLY
GOLD_M5_TRIANGLE_DESCENDING_4981,M5,TRIANGLE_DESCENDING,2025-02-21 03:45:00,DOWN,2930.1209090909097,INSIDE_HTF_CANDLE_RANGE,False,,0,,,NO_ALIGNMENT,True,2929.65,0.2175867710482959,1,PREVIOUS,M15,INSIDE_HTF_CANDLE_RANGE,0.2175867710482959,False,WEAK_ZONE,PREVIOUS_ONLY
GOLD_M5_TRIANGLE_SYMMETRIC_6074,M5,TRIANGLE_SYMMETRIC,2025-02-27 02:50:00,DOWN,2906.98909090909,NO_NEAR_HTF_ZONE,False,,0,,,NO_ALIGNMENT,False,,,0,,,NO_NEAR_OBSTACLE,,False,NO_ZONE,NO_ZONE
GOLD_M5_TRIANGLE_DESCENDING_13441,M5,TRIANGLE_DESCENDING,2025-04-04 18:45:00,DOWN,3021.6933333333327,STRUCTURAL_OBSTACLE_AHEAD,False,,0,,,NO_ALIGNMENT,True,3017.89,0.9089368567952563,3,SWING,M15,STRUCTURAL_OBSTACLE_AHEAD,0.9089368567952563,False,MEDIUM_ZONE,HAS_SWING
GOLD_M5_TRIANGLE_SYMMETRIC_14860,M5,TRIANGLE_SYMMETRIC,2025-04-13 23:00:00,DOWN,3222.243333333333,NO_NEAR_HTF_ZONE,False,,0,,,NO_ALIGNMENT,False,,,0,,,NO_NEAR_OBSTACLE,,False,NO_ZONE,NO_ZONE
GOLD_M5_TRIANGLE_SYMMETRIC_16773,M5,TRIANGLE_SYMMETRIC,2025-04-23 20:25:00,DOWN,3292.6149999999993,NO_NEAR_HTF_ZONE,False,,0,,,NO_ALIGNMENT,False,,,0,,,NO_NEAR_OBSTACLE,,False,NO_ZONE,NO_ZONE
GOLD_M5_TRIANGLE_SYMMETRIC_19328,M5,TRIANGLE_SYMMETRIC,2025-05-07 03:20:00,DOWN,3388.1277272727266,HTF_ZONE_ALIGNMENT_CLEAR_SPACE,True,3387.83,1,PREVIOUS,M15,CANDLE_EXTREME_ALIGNMENT,False,,,0,,,NO_NEAR_OBSTACLE,,False,WEAK_ZONE,PREVIOUS_ONLY
GOLD_M5_TRIANGLE_SYMMETRIC_21362,M5,TRIANGLE_SYMMETRIC,2025-05-16 11:50:00,DOWN,3173.0989393939394,STRUCTURAL_OBSTACLE_AHEAD,False,,0,,,NO_ALIGNMENT,True,3169.3,0.6226291257089278,4,PREVIOUS+SWING,M15+H1,STRUCTURAL_OBSTACLE_AHEAD,0.6226291257089278,False,STRONG_ZONE,HAS_SWING
GOLD_M5_TRIANGLE_SYMMETRIC_22048,M5,TRIANGLE_SYMMETRIC,2025-05-21 00:00:00,UP,3291.4654545454546,NO_NEAR_HTF_ZONE,False,,0,,,NO_ALIGNMENT,False,,,0,,,NO_NEAR_OBSTACLE,,False,NO_ZONE,NO_ZONE
GOLD_M5_TRIANGLE_ASCENDING_25666,M5,TRIANGLE_ASCENDING,2025-06-09 05:00:00,DOWN,3311.382727272727,STRUCTURAL_OBSTACLE_AHEAD,False,,0,,,NO_ALIGNMENT,True,3309.43,0.8886742768757103,3,SWING,M15,STRUCTURAL_OBSTACLE_AHEAD,0.8886742768757103,False,MEDIUM_ZONE,HAS_SWING
GOLD_M5_TRIANGLE_SYMMETRIC_27164,M5,TRIANGLE_SYMMETRIC,2025-06-16 14:50:00,UP,3393.953636363637,INSIDE_HTF_CANDLE_RANGE,False,,0,,,NO_ALIGNMENT,True,3398.15,0.8068295816749604,1,PREVIOUS,M15,INSIDE_HTF_CANDLE_RANGE,0.8068295816749604,False,WEAK_ZONE,PREVIOUS_ONLY
GOLD_M5_TRIANGLE_ASCENDING_27482,M5,TRIANGLE_ASCENDING,2025-06-17 18:20:00,UP,3391.226969696969,STRUCTURAL_OBSTACLE_AHEAD,False,,0,,,NO_ALIGNMENT,True,3392.38,0.4430377731018907,5,RANGE+SWING,M15+H1,STRUCTURAL_OBSTACLE_AHEAD,0.4430377731018907,False,STRONG_ZONE,HAS_RANGE_AND_SWING
GOLD_M5_TRIANGLE_SYMMETRIC_28840,M5,TRIANGLE_SYMMETRIC,2025-06-24 19:00:00,UP,3317.205303030302,NO_NEAR_HTF_ZONE,False,,0,,,NO_ALIGNMENT,False,,,0,,,NO_NEAR_OBSTACLE,,False,NO_ZONE,NO_ZONE
GOLD_M5_TRIANGLE_SYMMETRIC_30325,M5,TRIANGLE_SYMMETRIC,2025-07-02 04:45:00,UP,3340.3718181818185,NO_NEAR_HTF_ZONE,False,,0,,,NO_ALIGNMENT,False,,,0,,,NO_NEAR_OBSTACLE,,False,NO_ZONE,NO_ZONE
GOLD_M5_TRIANGLE_DESCENDING_32128,M5,TRIANGLE_DESCENDING,2025-07-10 22:00:00,UP,3324.1848484848474,NO_NEAR_HTF_ZONE,False,,0,,,NO_ALIGNMENT,False,,,0,,,NO_NEAR_OBSTACLE,,False,NO_ZONE,NO_ZONE
GOLD_M5_TRIANGLE_SYMMETRIC_33885,M5,TRIANGLE_SYMMETRIC,2025-07-21 06:25:00,UP,3367.8674242424236,NO_NEAR_HTF_ZONE,False,,0,,,NO_ALIGNMENT,False,,,0,,,NO_NEAR_OBSTACLE,,False,NO_ZONE,NO_ZONE
GOLD_M5_TRIANGLE_SYMMETRIC_34302,M5,TRIANGLE_SYMMETRIC,2025-07-22 18:10:00,UP,3428.9090909090896,NO_NEAR_HTF_ZONE,False,,0,,,NO_ALIGNMENT,False,,,0,,,NO_NEAR_OBSTACLE,,False,NO_ZONE,NO_ZONE
GOLD_M5_TRIANGLE_SYMMETRIC_35456,M5,TRIANGLE_SYMMETRIC,2025-07-28 23:20:00,DOWN,3313.724545454545,NO_NEAR_HTF_ZONE,False,,0,,,NO_ALIGNMENT,False,,,0,,,NO_NEAR_OBSTACLE,,False,NO_ZONE,NO_ZONE
GOLD_M5_TRIANGLE_SYMMETRIC_36434,M5,TRIANGLE_SYMMETRIC,2025-08-01 11:50:00,DOWN,3299.14606060606,NO_NEAR_HTF_ZONE,False,,0,,,NO_ALIGNMENT,False,,,0,,,NO_NEAR_OBSTACLE,,False,NO_ZONE,NO_ZONE
GOLD_M5_TRIANGLE_SYMMETRIC_37053,M5,TRIANGLE_SYMMETRIC,2025-08-05 17:25:00,DOWN,3380.699999999999,INSIDE_HTF_CANDLE_RANGE,False,,0,,,NO_ALIGNMENT,True,3378.69,0.8916080050696126,1,PREVIOUS,M15,INSIDE_HTF_CANDLE_RANGE,0.8916080050696126,False,WEAK_ZONE,PREVIOUS_ONLY
GOLD_M5_RANGE_BOX_37698,M5,RANGE_BOX,2025-08-08 02:10:00,UP,3384.7207575757566,NO_NEAR_HTF_ZONE,False,,0,,,NO_ALIGNMENT,False,,,0,,,NO_NEAR_OBSTACLE,,False,NO_ZONE,NO_ZONE
GOLD_M5_TRIANGLE_ASCENDING_38840,M5,TRIANGLE_ASCENDING,2025-08-14 05:20:00,DOWN,3360.49393939394,NO_NEAR_HTF_ZONE,False,,0,,,NO_ALIGNMENT,False,,,0,,,NO_NEAR_OBSTACLE,,False,NO_ZONE,NO_ZONE
GOLD_M5_TRIANGLE_SYMMETRIC_39701,M5,TRIANGLE_SYMMETRIC,2025-08-19 08:05:00,DOWN,3339.0377272727274,HTF_ZONE_ALIGNMENT_CLEAR_SPACE,True,3339.13,1,PREVIOUS,H1,CANDLE_EXTREME_ALIGNMENT,False,,,0,,,NO_NEAR_OBSTACLE,,False,WEAK_ZONE,PREVIOUS_ONLY
GOLD_M5_TRIANGLE_DESCENDING_42224,M5,TRIANGLE_DESCENDING,2025-09-01 11:20:00,UP,3470.6168181818184,NO_NEAR_HTF_ZONE,False,,0,,,NO_ALIGNMENT,False,,,0,,,NO_NEAR_OBSTACLE,,False,NO_ZONE,NO_ZONE
GOLD_M5_TRIANGLE_SYMMETRIC_42244,M5,TRIANGLE_SYMMETRIC,2025-09-01 13:00:00,UP,3470.0204545454544,NO_NEAR_HTF_ZONE,False,,0,,,NO_ALIGNMENT,False,,,0,,,NO_NEAR_OBSTACLE,,False,NO_ZONE,NO_ZONE
GOLD_M5_TRIANGLE_SYMMETRIC_43426,M5,TRIANGLE_SYMMETRIC,2025-09-07 23:00:00,DOWN,3593.065000000001,NO_NEAR_HTF_ZONE,False,,0,,,NO_ALIGNMENT,False,,,0,,,NO_NEAR_OBSTACLE,,False,NO_ZONE,NO_ZONE
GOLD_M5_TRIANGLE_ASCENDING_45837,M5,TRIANGLE_ASCENDING,2025-09-18 15:55:00,UP,3640.3639393939407,INSIDE_HTF_CANDLE_RANGE,False,,0,,,NO_ALIGNMENT,True,3642.89,0.7295486579124778,1,PREVIOUS,M15,INSIDE_HTF_CANDLE_RANGE,0.7295486579124778,False,WEAK_ZONE,PREVIOUS_ONLY
GOLD_M5_TRIANGLE_ASCENDING_49463,M5,TRIANGLE_ASCENDING,2025-10-07 19:05:00,DOWN,3981.220909090911,INSIDE_HTF_CANDLE_RANGE,False,,0,,,NO_ALIGNMENT,True,3979.9,0.3347257879786623,1,PREVIOUS,H1,INSIDE_HTF_CANDLE_RANGE,0.3347257879786623,False,WEAK_ZONE,PREVIOUS_ONLY
GOLD_M5_TRIANGLE_ASCENDING_50848,M5,TRIANGLE_ASCENDING,2025-10-14 19:30:00,DOWN,4148.277272727273,NO_NEAR_HTF_ZONE,False,,0,,,NO_ALIGNMENT,False,,,0,,,NO_NEAR_OBSTACLE,,False,NO_ZONE,NO_ZONE
GOLD_M5_TRIANGLE_SYMMETRIC_54446,M5,TRIANGLE_SYMMETRIC,2025-10-31 19:25:00,UP,3998.995606060607,NO_NEAR_HTF_ZONE,False,,0,,,NO_ALIGNMENT,False,,,0,,,NO_NEAR_OBSTACLE,,False,NO_ZONE,NO_ZONE
GOLD_M5_TRIANGLE_SYMMETRIC_57908,M5,TRIANGLE_SYMMETRIC,2025-11-19 09:55:00,DOWN,4111.571969696971,HTF_ZONE_ALIGNMENT_CLEAR_SPACE,True,4112.02,1,PREVIOUS,H1,CANDLE_EXTREME_ALIGNMENT,False,,,0,,,NO_NEAR_OBSTACLE,,False,WEAK_ZONE,PREVIOUS_ONLY
GOLD_M5_TRIANGLE_SYMMETRIC_58227,M5,TRIANGLE_SYMMETRIC,2025-11-20 13:30:00,DOWN,4079.825151515151,NO_NEAR_HTF_ZONE,False,,0,,,NO_ALIGNMENT,False,,,0,,,NO_NEAR_OBSTACLE,,False,NO_ZONE,NO_ZONE
GOLD_M5_TRIANGLE_ASCENDING_58865,M5,TRIANGLE_ASCENDING,2025-11-24 20:40:00,UP,4133.011363636363,NO_NEAR_HTF_ZONE,False,,0,,,NO_ALIGNMENT,False,,,0,,,NO_NEAR_OBSTACLE,,False,NO_ZONE,NO_ZONE
GOLD_M5_TRIANGLE_ASCENDING_59145,M5,TRIANGLE_ASCENDING,2025-11-25 22:00:00,UP,4131.273333333334,NO_NEAR_HTF_ZONE,False,,0,,,NO_ALIGNMENT,False,,,0,,,NO_NEAR_OBSTACLE,,False,NO_ZONE,NO_ZONE
GOLD_M5_TRIANGLE_SYMMETRIC_60463,M5,TRIANGLE_SYMMETRIC,2025-12-02 20:35:00,UP,4209.845909090908,INSIDE_HTF_CANDLE_RANGE,False,,0,,,NO_ALIGNMENT,True,4211.6,0.6142883846748414,1,PREVIOUS,M15,INSIDE_HTF_CANDLE_RANGE,0.6142883846748414,False,WEAK_ZONE,PREVIOUS_ONLY
GOLD_M5_TRIANGLE_ASCENDING_60602,M5,TRIANGLE_ASCENDING,2025-12-03 09:10:00,DOWN,4200.7022727272715,NO_NEAR_HTF_ZONE,False,,0,,,NO_ALIGNMENT,False,,,0,,,NO_NEAR_OBSTACLE,,False,NO_ZONE,NO_ZONE
GOLD_M5_TRIANGLE_ASCENDING_66725,M5,TRIANGLE_ASCENDING,2026-01-06 16:40:00,DOWN,4487.00590909091,INSIDE_HTF_CANDLE_RANGE,False,,0,,,NO_ALIGNMENT,True,4484.39,0.5782335368832945,1,PREVIOUS,M15,INSIDE_HTF_CANDLE_RANGE,0.5782335368832945,False,WEAK_ZONE,PREVIOUS_ONLY
GOLD_M5_TRIANGLE_ASCENDING_75800,M5,TRIANGLE_ASCENDING,2026-02-20 18:55:00,UP,5074.90712121212,STRUCTURAL_OBSTACLE_AHEAD,False,,0,,,NO_ALIGNMENT,True,5076.28,0.2549005891907467,3,SWING,M15,STRUCTURAL_OBSTACLE_AHEAD,0.2549005891907467,False,MEDIUM_ZONE,HAS_SWING
GOLD_M5_TRIANGLE_SYMMETRIC_77977,M5,TRIANGLE_SYMMETRIC,2026-03-04 16:20:00,DOWN,5146.468333333333,NO_NEAR_HTF_ZONE,False,,0,,,NO_ALIGNMENT,False,,,0,,,NO_NEAR_OBSTACLE,,False,NO_ZONE,NO_ZONE
GOLD_M5_TRIANGLE_ASCENDING_78303,M5,TRIANGLE_ASCENDING,2026-03-05 20:30:00,UP,5080.04015151515,NO_NEAR_HTF_ZONE,False,,0,,,NO_ALIGNMENT,False,,,0,,,NO_NEAR_OBSTACLE,,False,NO_ZONE,NO_ZONE
GOLD_M5_TRIANGLE_SYMMETRIC_80349,M5,TRIANGLE_SYMMETRIC,2026-03-17 06:00:00,UP,5011.550303030303,INSIDE_HTF_CANDLE_RANGE,False,,0,,,NO_ALIGNMENT,True,5015.64,0.7660594192646851,1,PREVIOUS,M15,INSIDE_HTF_CANDLE_RANGE,0.7660594192646851,False,WEAK_ZONE,PREVIOUS_ONLY
GOLD_M5_TRIANGLE_SYMMETRIC_84333,M5,TRIANGLE_SYMMETRIC,2026-04-07 17:00:00,UP,4660.600606060606,NO_NEAR_HTF_ZONE,False,,0,,,NO_ALIGNMENT,False,,,0,,,NO_NEAR_OBSTACLE,,False,NO_ZONE,NO_ZONE
GOLD_M5_TRIANGLE_SYMMETRIC_86803,M5,TRIANGLE_SYMMETRIC,2026-04-20 15:50:00,DOWN,4800.967727272725,NO_NEAR_HTF_ZONE,False,,0,,,NO_ALIGNMENT,False,,,0,,,NO_NEAR_OBSTACLE,,False,NO_ZONE,NO_ZONE
GOLD_M5_TRIANGLE_DESCENDING_87154,M5,TRIANGLE_DESCENDING,2026-04-21 23:05:00,UP,4718.702727272726,NO_NEAR_HTF_ZONE,False,,0,,,NO_ALIGNMENT,False,,,0,,,NO_NEAR_OBSTACLE,,False,NO_ZONE,NO_ZONE
GOLD_M5_TRIANGLE_ASCENDING_87384,M5,TRIANGLE_ASCENDING,2026-04-22 18:15:00,DOWN,4736.1177272727255,STRUCTURAL_OBSTACLE_AHEAD,False,,0,,,NO_ALIGNMENT,True,4734.43,0.4514817870052819,6,PREVIOUS+RANGE+SWING,M15+H1,STRUCTURAL_OBSTACLE_AHEAD,0.4514817870052819,False,STRONG_ZONE,HAS_RANGE_AND_SWING
GOLD_M5_TRIANGLE_DESCENDING_88796,M5,TRIANGLE_DESCENDING,2026-04-29 20:55:00,UP,4543.541212121212,NO_NEAR_HTF_ZONE,False,,0,,,NO_ALIGNMENT,False,,,0,,,NO_NEAR_OBSTACLE,,False,NO_ZONE,NO_ZONE
GOLD_M5_TRIANGLE_SYMMETRIC_89071,M5,TRIANGLE_SYMMETRIC,2026-04-30 20:50:00,UP,4617.673939393941,NO_NEAR_HTF_ZONE,False,,0,,,NO_ALIGNMENT,False,,,0,,,NO_NEAR_OBSTACLE,,False,NO_ZONE,NO_ZONE
GOLD_M5_TRIANGLE_SYMMETRIC_89085,M5,TRIANGLE_SYMMETRIC,2026-04-30 23:00:00,DOWN,4629.888484848486,NO_NEAR_HTF_ZONE,False,,0,,,NO_ALIGNMENT,False,,,0,,,NO_NEAR_OBSTACLE,,False,NO_ZONE,NO_ZONE
GOLD_M5_TRIANGLE_SYMMETRIC_93209,M5,TRIANGLE_SYMMETRIC,2026-05-21 20:40:00,DOWN,4541.492727272726,STRUCTURAL_OBSTACLE_AHEAD,False,,0,,,NO_ALIGNMENT,True,4539.57,0.5064017780143157,4,PREVIOUS+SWING,M15+H1,STRUCTURAL_OBSTACLE_AHEAD,0.5064017780143157,False,STRONG_ZONE,HAS_SWING
GOLD_M5_TRIANGLE_DESCENDING_93213,M5,TRIANGLE_DESCENDING,2026-05-21 22:00:00,UP,4541.477727272727,HTF_ZONE_ALIGNMENT_CLEAR_SPACE,True,4541.0,6,PREVIOUS+RANGE+SWING,M15+H1,STRUCTURAL_ALIGNMENT,False,,,0,,,NO_NEAR_OBSTACLE,,False,STRONG_ZONE,HAS_RANGE_AND_SWING
GOLD_M5_TRIANGLE_ASCENDING_95896,M5,TRIANGLE_ASCENDING,2026-06-04 17:05:00,DOWN,4481.785909090909,NO_NEAR_HTF_ZONE,False,,0,,,NO_ALIGNMENT,False,,,0,,,NO_NEAR_OBSTACLE,,False,NO_ZONE,NO_ZONE
GOLD_M5_TRIANGLE_SYMMETRIC_96231,M5,TRIANGLE_SYMMETRIC,2026-06-07 23:00:00,UP,4322.984696969697,INSIDE_HTF_CANDLE_RANGE,False,,0,,,NO_ALIGNMENT,True,4329.69,0.8946094882966188,1,PREVIOUS,M15,INSIDE_HTF_CANDLE_RANGE,0.8946094882966188,False,WEAK_ZONE,PREVIOUS_ONLY
GOLD_M5_TRIANGLE_SYMMETRIC_97749,M5,TRIANGLE_SYMMETRIC,2026-06-15 10:30:00,UP,4338.624393939394,NO_NEAR_HTF_ZONE,False,,0,,,NO_ALIGNMENT,False,,,0,,,NO_NEAR_OBSTACLE,,False,NO_ZONE,NO_ZONE
GOLD_M5_TRIANGLE_SYMMETRIC_98475,M5,TRIANGLE_SYMMETRIC,2026-06-18 02:00:00,UP,4320.867727272727,STRUCTURAL_OBSTACLE_AHEAD,False,,0,,,NO_ALIGNMENT,True,4323.88,0.4622435367922748,6,PREVIOUS+RANGE+SWING,M15+H1,STRUCTURAL_OBSTACLE_AHEAD,0.4622435367922748,False,STRONG_ZONE,HAS_RANGE_AND_SWING
GOLD_M15_TRIANGLE_DESCENDING_715,M15,TRIANGLE_DESCENDING,2025-02-06 14:45:00,UP,2851.7433333333324,INSIDE_HTF_CANDLE_RANGE,False,,0,,,NO_ALIGNMENT,True,2852.52,0.20034674810375278,1,PREVIOUS,H1,INSIDE_HTF_CANDLE_RANGE,0.20034674810375278,False,WEAK_ZONE,PREVIOUS_ONLY
GOLD_M15_TRIANGLE_ASCENDING_2206,M15,TRIANGLE_ASCENDING,2025-03-02 23:00:00,DOWN,2869.378787878788,INSIDE_HTF_CANDLE_RANGE,False,,0,,,NO_ALIGNMENT,True,2867.66,0.422183560727845,1,PREVIOUS,H1,INSIDE_HTF_CANDLE_RANGE,0.422183560727845,False,WEAK_ZONE,PREVIOUS_ONLY
GOLD_M15_TRIANGLE_SYMMETRIC_2580,M15,TRIANGLE_SYMMETRIC,2025-03-07 00:30:00,UP,2906.233333333333,INSIDE_HTF_CANDLE_RANGE,False,,0,,,NO_ALIGNMENT,True,2908.87,0.7568290975967937,1,PREVIOUS,H1,INSIDE_HTF_CANDLE_RANGE,0.7568290975967937,False,WEAK_ZONE,PREVIOUS_ONLY
GOLD_M15_TRIANGLE_ASCENDING_3478,M15,TRIANGLE_ASCENDING,2025-03-20 18:00:00,DOWN,3045.3403030303034,INSIDE_HTF_CANDLE_RANGE,False,,0,,,NO_ALIGNMENT,True,3044.1,0.46346886084166206,1,PREVIOUS,H1,INSIDE_HTF_CANDLE_RANGE,0.46346886084166206,False,WEAK_ZONE,PREVIOUS_ONLY
GOLD_M15_TRIANGLE_SYMMETRIC_5119,M15,TRIANGLE_SYMMETRIC,2025-04-15 14:15:00,UP,3221.611212121213,INSIDE_HTF_CANDLE_RANGE,False,,0,,,NO_ALIGNMENT,True,3223.25,0.36234099417899596,1,PREVIOUS,H1,INSIDE_HTF_CANDLE_RANGE,0.36234099417899596,False,WEAK_ZONE,PREVIOUS_ONLY
GOLD_M15_TRIANGLE_SYMMETRIC_5186,M15,TRIANGLE_SYMMETRIC,2025-04-16 08:00:00,DOWN,3303.1927272727266,INSIDE_HTF_CANDLE_RANGE,False,,0,,,NO_ALIGNMENT,True,3299.5,0.5355582616911297,1,PREVIOUS,H1,INSIDE_HTF_CANDLE_RANGE,0.5355582616911297,False,WEAK_ZONE,PREVIOUS_ONLY
GOLD_M15_TRIANGLE_SYMMETRIC_7326,M15,TRIANGLE_SYMMETRIC,2025-05-20 14:00:00,UP,3280.1807575757584,INSIDE_HTF_CANDLE_RANGE,False,,0,,,NO_ALIGNMENT,True,3282.41,0.3366548982025609,1,PREVIOUS,H1,INSIDE_HTF_CANDLE_RANGE,0.3366548982025609,False,WEAK_ZONE,PREVIOUS_ONLY
GOLD_M15_TRIANGLE_SYMMETRIC_8020,M15,TRIANGLE_SYMMETRIC,2025-05-30 06:00:00,UP,3297.2721212121205,INSIDE_HTF_CANDLE_RANGE,False,,0,,,NO_ALIGNMENT,True,3299.13,0.32960016470938336,1,PREVIOUS,H1,INSIDE_HTF_CANDLE_RANGE,0.32960016470938336,False,WEAK_ZONE,PREVIOUS_ONLY
GOLD_M15_TRIANGLE_ASCENDING_8065,M15,TRIANGLE_ASCENDING,2025-05-30 17:15:00,DOWN,3293.3990909090912,INSIDE_HTF_CANDLE_RANGE,False,,0,,,NO_ALIGNMENT,True,3291.53,0.41842045347847606,1,PREVIOUS,H1,INSIDE_HTF_CANDLE_RANGE,0.41842045347847606,False,WEAK_ZONE,PREVIOUS_ONLY
GOLD_M15_TRIANGLE_SYMMETRIC_12164,M15,TRIANGLE_SYMMETRIC,2025-08-01 13:30:00,DOWN,3345.5209090909093,INSIDE_HTF_CANDLE_RANGE,False,,0,,,NO_ALIGNMENT,True,3341.37,0.663313396373001,1,PREVIOUS,H1,INSIDE_HTF_CANDLE_RANGE,0.663313396373001,False,WEAK_ZONE,PREVIOUS_ONLY
GOLD_M15_TRIANGLE_ASCENDING_12534,M15,TRIANGLE_ASCENDING,2025-08-07 14:00:00,DOWN,3391.32196969697,INSIDE_HTF_CANDLE_RANGE,False,,0,,,NO_ALIGNMENT,True,3387.06,0.8501601194154172,1,PREVIOUS,H1,INSIDE_HTF_CANDLE_RANGE,0.8501601194154172,False,WEAK_ZONE,PREVIOUS_ONLY
GOLD_M15_TRIANGLE_SYMMETRIC_12642,M15,TRIANGLE_SYMMETRIC,2025-08-10 19:00:00,DOWN,3398.248181818181,INSIDE_HTF_CANDLE_RANGE,False,,0,,,NO_ALIGNMENT,True,3392.03,0.8663943016588183,1,PREVIOUS,H1,INSIDE_HTF_CANDLE_RANGE,0.8663943016588183,False,WEAK_ZONE,PREVIOUS_ONLY
GOLD_M15_TRIANGLE_ASCENDING_13523,M15,TRIANGLE_ASCENDING,2025-08-22 08:15:00,DOWN,3330.2953030303033,INSIDE_HTF_CANDLE_RANGE,False,,0,,,NO_ALIGNMENT,True,3328.88,0.5762291692796415,1,PREVIOUS,H1,INSIDE_HTF_CANDLE_RANGE,0.5762291692796415,False,WEAK_ZONE,PREVIOUS_ONLY
GOLD_M15_TRIANGLE_ASCENDING_13837,M15,TRIANGLE_ASCENDING,2025-08-27 17:45:00,UP,3396.2806060606063,ALIGNED_WITH_NEAR_OBSTACLE,True,3396.26,1,PREVIOUS,H1,CANDLE_EXTREME_ALIGNMENT,True,3398.6,0.9695251207944252,5,RANGE+SWING,H1,STRUCTURAL_OBSTACLE_AHEAD,0.9695251207944252,True,WEAK_ZONE,PREVIOUS_ONLY
GOLD_M15_TRIANGLE_SYMMETRIC_15015,M15,TRIANGLE_SYMMETRIC,2025-09-15 15:45:00,DOWN,3679.404848484849,INSIDE_HTF_CANDLE_RANGE,False,,0,,,NO_ALIGNMENT,True,3678.47,0.21080320443386044,1,PREVIOUS,H1,INSIDE_HTF_CANDLE_RANGE,0.21080320443386044,False,WEAK_ZONE,PREVIOUS_ONLY
GOLD_M15_TRIANGLE_ASCENDING_15112,M15,TRIANGLE_ASCENDING,2025-09-16 17:00:00,UP,3690.4219696969694,HTF_ZONE_ALIGNMENT_CLEAR_SPACE,True,3690.9,1,PREVIOUS,H1,CANDLE_EXTREME_ALIGNMENT,False,,,0,,,NO_NEAR_OBSTACLE,,False,WEAK_ZONE,PREVIOUS_ONLY
GOLD_M15_TRIANGLE_SYMMETRIC_15210,M15,TRIANGLE_SYMMETRIC,2025-09-17 19:30:00,UP,3658.3692424242427,INSIDE_HTF_CANDLE_RANGE,False,,0,,,NO_ALIGNMENT,True,3661.51,0.384942285483723,1,PREVIOUS,H1,INSIDE_HTF_CANDLE_RANGE,0.384942285483723,False,WEAK_ZONE,PREVIOUS_ONLY
GOLD_M15_TRIANGLE_SYMMETRIC_16020,M15,TRIANGLE_SYMMETRIC,2025-09-30 14:00:00,UP,3842.746212121211,INSIDE_HTF_CANDLE_RANGE,False,,0,,,NO_ALIGNMENT,True,3847.75,0.6374338825470736,1,PREVIOUS,H1,INSIDE_HTF_CANDLE_RANGE,0.6374338825470736,False,WEAK_ZONE,PREVIOUS_ONLY
GOLD_M15_TRIANGLE_SYMMETRIC_16495,M15,TRIANGLE_SYMMETRIC,2025-10-07 17:45:00,UP,3982.0593939393943,INSIDE_HTF_CANDLE_RANGE,False,,0,,,NO_ALIGNMENT,True,3983.29,0.22471123152751296,1,PREVIOUS,H1,INSIDE_HTF_CANDLE_RANGE,0.22471123152751296,False,WEAK_ZONE,PREVIOUS_ONLY
GOLD_M15_TRIANGLE_SYMMETRIC_16794,M15,TRIANGLE_SYMMETRIC,2025-10-13 00:30:00,UP,4049.191818181817,INSIDE_HTF_CANDLE_RANGE,False,,0,,,NO_ALIGNMENT,True,4055.73,0.6210533329492305,1,PREVIOUS,H1,INSIDE_HTF_CANDLE_RANGE,0.6210533329492305,False,WEAK_ZONE,PREVIOUS_ONLY
GOLD_M15_TRIANGLE_SYMMETRIC_17189,M15,TRIANGLE_SYMMETRIC,2025-10-17 07:15:00,DOWN,4342.421363636364,INSIDE_HTF_CANDLE_RANGE,False,,0,,,NO_ALIGNMENT,True,4332.06,0.767322913963614,1,PREVIOUS,H1,INSIDE_HTF_CANDLE_RANGE,0.767322913963614,False,WEAK_ZONE,PREVIOUS_ONLY
GOLD_M15_TRIANGLE_SYMMETRIC_17350,M15,TRIANGLE_SYMMETRIC,2025-10-21 01:30:00,DOWN,4343.934999999999,INSIDE_HTF_CANDLE_RANGE,False,,0,,,NO_ALIGNMENT,True,4337.76,0.7063085919015047,1,PREVIOUS,H1,INSIDE_HTF_CANDLE_RANGE,0.7063085919015047,False,WEAK_ZONE,PREVIOUS_ONLY
GOLD_M15_TRIANGLE_SYMMETRIC_17581,M15,TRIANGLE_SYMMETRIC,2025-10-23 13:15:00,DOWN,4141.569848484849,INSIDE_HTF_CANDLE_RANGE,False,,0,,,NO_ALIGNMENT,True,4136.9,0.4244025371677202,1,PREVIOUS,H1,INSIDE_HTF_CANDLE_RANGE,0.4244025371677202,False,WEAK_ZONE,PREVIOUS_ONLY
GOLD_M15_TRIANGLE_SYMMETRIC_18044,M15,TRIANGLE_SYMMETRIC,2025-10-30 13:00:00,DOWN,3996.7092424242423,INSIDE_HTF_CANDLE_RANGE,False,,0,,,NO_ALIGNMENT,True,3991.07,0.49921422272616567,1,PREVIOUS,H1,INSIDE_HTF_CANDLE_RANGE,0.49921422272616567,False,WEAK_ZONE,PREVIOUS_ONLY
GOLD_M15_TRIANGLE_SYMMETRIC_19523,M15,TRIANGLE_SYMMETRIC,2025-11-21 15:45:00,UP,4085.179848484848,INSIDE_HTF_CANDLE_RANGE,False,,0,,,NO_ALIGNMENT,True,4088.07,0.3267235147996715,1,PREVIOUS,H1,INSIDE_HTF_CANDLE_RANGE,0.3267235147996715,False,WEAK_ZONE,PREVIOUS_ONLY
GOLD_M15_TRIANGLE_SYMMETRIC_19766,M15,TRIANGLE_SYMMETRIC,2025-11-26 07:30:00,UP,4162.1575757575765,INSIDE_HTF_CANDLE_RANGE,False,,0,,,NO_ALIGNMENT,True,4165.03,0.4822975744545662,1,PREVIOUS,H1,INSIDE_HTF_CANDLE_RANGE,0.4822975744545662,False,WEAK_ZONE,PREVIOUS_ONLY
GOLD_M15_TRIANGLE_SYMMETRIC_20421,M15,TRIANGLE_SYMMETRIC,2025-12-05 15:00:00,DOWN,4212.578181818183,INSIDE_HTF_CANDLE_RANGE,False,,0,,,NO_ALIGNMENT,True,4206.57,0.659445561338406,1,PREVIOUS,H1,INSIDE_HTF_CANDLE_RANGE,0.659445561338406,False,WEAK_ZONE,PREVIOUS_ONLY
GOLD_M15_TRIANGLE_SYMMETRIC_20577,M15,TRIANGLE_SYMMETRIC,2025-12-09 08:00:00,DOWN,4203.877727272727,INSIDE_HTF_CANDLE_RANGE,False,,0,,,NO_ALIGNMENT,True,4201.09,0.5620871756417196,1,PREVIOUS,H1,INSIDE_HTF_CANDLE_RANGE,0.5620871756417196,False,WEAK_ZONE,PREVIOUS_ONLY
GOLD_M15_TRIANGLE_SYMMETRIC_23838,M15,TRIANGLE_SYMMETRIC,2026-01-30 01:00:00,UP,5204.351969696968,INSIDE_HTF_CANDLE_RANGE,False,,0,,,NO_ALIGNMENT,True,5230.67,0.5782536697563397,1,PREVIOUS,H1,INSIDE_HTF_CANDLE_RANGE,0.5782536697563397,False,WEAK_ZONE,PREVIOUS_ONLY
GOLD_M15_TRIANGLE_SYMMETRIC_26958,M15,TRIANGLE_SYMMETRIC,2026-03-19 00:30:00,DOWN,4853.269999999998,INSIDE_HTF_CANDLE_RANGE,False,,0,,,NO_ALIGNMENT,True,4850.51,0.26502430990749937,1,PREVIOUS,H1,INSIDE_HTF_CANDLE_RANGE,0.26502430990749937,False,WEAK_ZONE,PREVIOUS_ONLY
GOLD_M15_TRIANGLE_SYMMETRIC_27493,M15,TRIANGLE_SYMMETRIC,2026-03-26 20:15:00,DOWN,4401.4437878787885,INSIDE_HTF_CANDLE_RANGE,False,,0,,,NO_ALIGNMENT,True,4389.51,0.6178520348177273,1,PREVIOUS,H1,INSIDE_HTF_CANDLE_RANGE,0.6178520348177273,False,WEAK_ZONE,PREVIOUS_ONLY
GOLD_M15_TRIANGLE_ASCENDING_29503,M15,TRIANGLE_ASCENDING,2026-04-28 16:45:00,DOWN,4596.726666666666,INSIDE_HTF_CANDLE_RANGE,False,,0,,,NO_ALIGNMENT,True,4592.0,0.5455825621690022,1,PREVIOUS,H1,INSIDE_HTF_CANDLE_RANGE,0.5455825621690022,False,WEAK_ZONE,PREVIOUS_ONLY
GOLD_M15_TRIANGLE_SYMMETRIC_29867,M15,TRIANGLE_SYMMETRIC,2026-05-04 15:45:00,DOWN,4518.082424242424,INSIDE_HTF_CANDLE_RANGE,False,,0,,,NO_ALIGNMENT,True,4510.54,0.6365861787106857,1,PREVIOUS,H1,INSIDE_HTF_CANDLE_RANGE,0.6365861787106857,False,WEAK_ZONE,PREVIOUS_ONLY
GOLD_M15_TRIANGLE_SYMMETRIC_30636,M15,TRIANGLE_SYMMETRIC,2026-05-15 01:00:00,UP,4615.413636363634,INSIDE_HTF_CANDLE_RANGE,False,,0,,,NO_ALIGNMENT,True,4622.16,0.6365803706373612,1,PREVIOUS,H1,INSIDE_HTF_CANDLE_RANGE,0.6365803706373612,False,WEAK_ZONE,PREVIOUS_ONLY
GOLD_M15_TRIANGLE_SYMMETRIC_30969,M15,TRIANGLE_SYMMETRIC,2026-05-20 15:15:00,UP,4531.923787878787,INSIDE_HTF_CANDLE_RANGE,False,,0,,,NO_ALIGNMENT,True,4538.14,0.6310022855879522,1,PREVIOUS,H1,INSIDE_HTF_CANDLE_RANGE,0.6310022855879522,False,WEAK_ZONE,PREVIOUS_ONLY
GOLD_M15_TRIANGLE_ASCENDING_31077,M15,TRIANGLE_ASCENDING,2026-05-21 20:15:00,DOWN,4541.8540909090925,INSIDE_HTF_CANDLE_RANGE,False,,0,,,NO_ALIGNMENT,True,4539.57,0.33746985984326405,1,PREVIOUS,H1,INSIDE_HTF_CANDLE_RANGE,0.33746985984326405,False,WEAK_ZONE,PREVIOUS_ONLY
GOLD_M15_TRIANGLE_DESCENDING_31191,M15,TRIANGLE_DESCENDING,2026-05-25 01:45:00,UP,4563.114848484849,HTF_ZONE_ALIGNMENT_CLEAR_SPACE,True,4564.42,1,PREVIOUS,H1,CANDLE_EXTREME_ALIGNMENT,False,,,0,,,NO_NEAR_OBSTACLE,,False,WEAK_ZONE,PREVIOUS_ONLY
GOLD_M15_TRIANGLE_DESCENDING_31983,M15,TRIANGLE_DESCENDING,2026-06-04 19:15:00,UP,4477.34689473684,INSIDE_HTF_CANDLE_RANGE,False,,0,,,NO_ALIGNMENT,True,4481.52,0.738112163147078,1,PREVIOUS,H1,INSIDE_HTF_CANDLE_RANGE,0.738112163147078,False,WEAK_ZONE,PREVIOUS_ONLY
GOLD_H1_TRIANGLE_SYMMETRIC_117,H1,TRIANGLE_SYMMETRIC,2025-02-03 23:00:00,UP,2817.374393939395,NO_NEAR_HTF_ZONE,False,,0,,,NO_ALIGNMENT,False,,,0,,,NO_NEAR_OBSTACLE,,False,NO_ZONE,NO_ZONE
GOLD_H1_TRIANGLE_DESCENDING_343,H1,TRIANGLE_DESCENDING,2025-02-17 21:00:00,DOWN,2897.757424242425,NO_NEAR_HTF_ZONE,False,,0,,,NO_ALIGNMENT,False,,,0,,,NO_NEAR_OBSTACLE,,False,NO_ZONE,NO_ZONE
GOLD_H1_TRIANGLE_SYMMETRIC_1138,H1,TRIANGLE_SYMMETRIC,2025-04-07 10:00:00,DOWN,3028.5004545454544,NO_NEAR_HTF_ZONE,False,,0,,,NO_ALIGNMENT,False,,,0,,,NO_NEAR_OBSTACLE,,False,NO_ZONE,NO_ZONE
GOLD_H1_TRIANGLE_SYMMETRIC_1263,H1,TRIANGLE_SYMMETRIC,2025-04-14 21:00:00,UP,3210.644848484847,NO_NEAR_HTF_ZONE,False,,0,,,NO_ALIGNMENT,False,,,0,,,NO_NEAR_OBSTACLE,,False,NO_ZONE,NO_ZONE
GOLD_H1_TRIANGLE_SYMMETRIC_1884,H1,TRIANGLE_SYMMETRIC,2025-05-22 21:00:00,UP,3293.447272727272,NO_NEAR_HTF_ZONE,False,,0,,,NO_ALIGNMENT,False,,,0,,,NO_NEAR_OBSTACLE,,False,NO_ZONE,NO_ZONE
GOLD_H1_TRIANGLE_SYMMETRIC_2913,H1,TRIANGLE_SYMMETRIC,2025-07-24 23:00:00,DOWN,3369.5640909090903,NO_NEAR_HTF_ZONE,False,,0,,,NO_ALIGNMENT,False,,,0,,,NO_NEAR_OBSTACLE,,False,NO_ZONE,NO_ZONE
GOLD_H1_TRIANGLE_SYMMETRIC_3211,H1,TRIANGLE_SYMMETRIC,2025-08-12 22:00:00,UP,3349.521363636365,NO_NEAR_HTF_ZONE,False,,0,,,NO_ALIGNMENT,False,,,0,,,NO_NEAR_OBSTACLE,,False,NO_ZONE,NO_ZONE
GOLD_H1_TRIANGLE_SYMMETRIC_3715,H1,TRIANGLE_SYMMETRIC,2025-09-11 22:00:00,UP,3636.23712121212,NO_NEAR_HTF_ZONE,False,,0,,,NO_ALIGNMENT,False,,,0,,,NO_NEAR_OBSTACLE,,False,NO_ZONE,NO_ZONE
GOLD_H1_TRIANGLE_SYMMETRIC_3783,H1,TRIANGLE_SYMMETRIC,2025-09-16 21:00:00,UP,3690.326060606061,NO_NEAR_HTF_ZONE,False,,0,,,NO_ALIGNMENT,False,,,0,,,NO_NEAR_OBSTACLE,,False,NO_ZONE,NO_ZONE
GOLD_H1_TRIANGLE_ASCENDING_3990,H1,TRIANGLE_ASCENDING,2025-09-29 21:00:00,UP,3833.35803030303,NO_NEAR_HTF_ZONE,False,,0,,,NO_ALIGNMENT,False,,,0,,,NO_NEAR_OBSTACLE,,False,NO_ZONE,NO_ZONE
GOLD_H1_TRIANGLE_SYMMETRIC_5209,H1,TRIANGLE_SYMMETRIC,2025-12-12 01:00:00,UP,4273.961060606059,NO_NEAR_HTF_ZONE,False,,0,,,NO_ALIGNMENT,False,,,0,,,NO_NEAR_OBSTACLE,,False,NO_ZONE,NO_ZONE
GOLD_H1_TRIANGLE_SYMMETRIC_5299,H1,TRIANGLE_SYMMETRIC,2025-12-17 23:00:00,DOWN,4334.446363636364,NO_NEAR_HTF_ZONE,False,,0,,,NO_ALIGNMENT,False,,,0,,,NO_NEAR_OBSTACLE,,False,NO_ZONE,NO_ZONE
GOLD_H1_TRIANGLE_SYMMETRIC_5764,H1,TRIANGLE_SYMMETRIC,2026-01-19 07:00:00,DOWN,4668.480151515151,NO_NEAR_HTF_ZONE,False,,0,,,NO_ALIGNMENT,False,,,0,,,NO_NEAR_OBSTACLE,,False,NO_ZONE,NO_ZONE
GOLD_H1_TRIANGLE_SYMMETRIC_6808,H1,TRIANGLE_SYMMETRIC,2026-03-23 20:00:00,DOWN,4411.225757575757,NO_NEAR_HTF_ZONE,False,,0,,,NO_ALIGNMENT,False,,,0,,,NO_NEAR_OBSTACLE,,False,NO_ZONE,NO_ZONE
