state_dna_macro,next_state,anchor_market_state,next_market_state,event_group,next_event_group,count,state_total,transition_pct
state=EXPANSION|energy=EXTREME|align=FULL/UP|level=NEAR_RESISTANCE|event=BREAKOUT,state=EXPANSION|energy=EXTREME|align=FULL/UP|level=AT_RESISTANCE|event=BREAKOUT,EXPANSION,EXPANSION,BREAKOUT,BREAKOUT,49,230,0.21304347826086956
state=EXPANSION|energy=EXTREME|align=FULL/UP|level=AT_RESISTANCE|event=BREAKOUT,state=EXPANSION|energy=EXTREME|align=FULL/UP|level=AT_RESISTANCE|event=BREAKOUT,EXPANSION,EXPANSION,BREAKOUT,BREAKOUT,121,677,0.17872968980797638
state=ACCEPTED_BREAKOUT|energy=EXTREME|align=FULL/UP|level=AT_RESISTANCE|event=BREAKOUT,state=ACCEPTED_BREAKOUT|energy=HIGH|align=FULL/UP|level=AT_RESISTANCE|event=BREAKOUT,ACCEPTED_BREAKOUT,ACCEPTED_BREAKOUT,BREAKOUT,BREAKOUT,57,385,0.14805194805194805
state=EXPANSION|energy=EXTREME|align=FULL/DOWN|level=NEAR_SUPPORT|event=BREAKOUT,state=EXPANSION|energy=EXTREME|align=FULL/DOWN|level=AT_SUPPORT|event=BREAKOUT,EXPANSION,EXPANSION,BREAKOUT,BREAKOUT,43,302,0.1423841059602649
state=EXPANSION|energy=EXTREME|align=FULL/DOWN|level=AT_SUPPORT|event=BREAKOUT,state=EXPANSION|energy=EXTREME|align=FULL/DOWN|level=AT_SUPPORT|event=BREAKOUT,EXPANSION,EXPANSION,BREAKOUT,BREAKOUT,101,711,0.1420534458509142
state=COMPRESSION|energy=MEDIUM|align=FULL/UP|level=AT_RESISTANCE|event=BREAKOUT,state=COMPRESSION|energy=MEDIUM|align=FULL/UP|level=AT_RESISTANCE|event=BREAKOUT,COMPRESSION,COMPRESSION,BREAKOUT,BREAKOUT,33,237,0.13924050632911392
state=SWEEP_OR_FALSE_BREAK|energy=MEDIUM|align=FULL/UP|level=AT_RESISTANCE|event=BREAKOUT,state=NORMAL_FLOW|energy=MEDIUM|align=FULL/UP|level=AT_RESISTANCE|event=BREAKOUT,SWEEP_OR_FALSE_BREAK,NORMAL_FLOW,BREAKOUT,BREAKOUT,33,240,0.1375
state=ACCEPTED_BREAKOUT|energy=HIGH|align=FULL/UP|level=AT_RESISTANCE|event=BREAKOUT,state=ACCEPTED_BREAKOUT|energy=HIGH|align=FULL/UP|level=AT_RESISTANCE|event=BREAKOUT,ACCEPTED_BREAKOUT,ACCEPTED_BREAKOUT,BREAKOUT,BREAKOUT,119,866,0.1374133949191686
state=LOW_RANGE|energy=LOW|align=NONE/MIXED|level=AT_RESISTANCE|event=BREAKOUT,state=SWEEP_OR_FALSE_BREAK|energy=LOW|align=MIXED/DOWN|level=AT_RESISTANCE|event=FALSE_BREAK,LOW_RANGE,SWEEP_OR_FALSE_BREAK,BREAKOUT,FALSE_BREAK,30,221,0.13574660633484162
state=SWEEP_OR_FALSE_BREAK|energy=LOW|align=FULL/DOWN|level=AT_RESISTANCE|event=FALSE_BREAK,state=NORMAL_FLOW|energy=MEDIUM|align=FULL/DOWN|level=AT_SUPPORT|event=BREAKOUT,SWEEP_OR_FALSE_BREAK,NORMAL_FLOW,FALSE_BREAK,BREAKOUT,36,275,0.13090909090909092
state=SWEEP_OR_FALSE_BREAK|energy=HIGH|align=FULL/UP|level=AT_RESISTANCE|event=BREAKOUT,state=NORMAL_FLOW|energy=MEDIUM|align=FULL/UP|level=AT_RESISTANCE|event=BREAKOUT,SWEEP_OR_FALSE_BREAK,NORMAL_FLOW,BREAKOUT,BREAKOUT,33,258,0.12790697674418605
state=LOW_RANGE|energy=LOW|align=NONE/MIXED|level=AT_SUPPORT|event=BREAKOUT,state=SWEEP_OR_FALSE_BREAK|energy=LOW|align=MIXED/UP|level=AT_RESISTANCE|event=FALSE_BREAK,LOW_RANGE,SWEEP_OR_FALSE_BREAK,BREAKOUT,FALSE_BREAK,31,243,0.12757201646090535
state=NORMAL_FLOW|energy=MEDIUM|align=FULL/UP|level=AT_RESISTANCE|event=BREAKOUT,state=NORMAL_FLOW|energy=MEDIUM|align=FULL/UP|level=AT_RESISTANCE|event=BREAKOUT,NORMAL_FLOW,NORMAL_FLOW,BREAKOUT,BREAKOUT,256,2047,0.1250610649731314
state=NORMAL_FLOW|energy=HIGH|align=FULL/UP|level=AT_RESISTANCE|event=BREAKOUT,state=NORMAL_FLOW|energy=MEDIUM|align=FULL/UP|level=AT_RESISTANCE|event=BREAKOUT,NORMAL_FLOW,NORMAL_FLOW,BREAKOUT,BREAKOUT,123,1035,0.11884057971014493
state=ACCEPTED_BREAKOUT|energy=HIGH|align=FULL/DOWN|level=AT_SUPPORT|event=BREAKOUT,state=ACCEPTED_BREAKOUT|energy=HIGH|align=FULL/DOWN|level=AT_SUPPORT|event=BREAKOUT,ACCEPTED_BREAKOUT,ACCEPTED_BREAKOUT,BREAKOUT,BREAKOUT,88,749,0.11748998664886515
state=SWEEP_OR_FALSE_BREAK|energy=VERY_LOW|align=FULL/UP|level=AT_RESISTANCE|event=FALSE_BREAK,state=NORMAL_FLOW|energy=LOW|align=FULL/UP|level=AT_RESISTANCE|event=BREAKOUT,SWEEP_OR_FALSE_BREAK,NORMAL_FLOW,FALSE_BREAK,BREAKOUT,31,271,0.11439114391143912
state=ACCEPTED_BREAKOUT|energy=EXTREME|align=FULL/DOWN|level=AT_SUPPORT|event=BREAKOUT,state=ACCEPTED_BREAKOUT|energy=HIGH|align=FULL/DOWN|level=AT_SUPPORT|event=BREAKOUT,ACCEPTED_BREAKOUT,ACCEPTED_BREAKOUT,BREAKOUT,BREAKOUT,42,378,0.1111111111111111
state=NORMAL_FLOW|energy=MEDIUM|align=FULL/UP|level=NEAR_RESISTANCE|event=BREAKOUT,state=NORMAL_FLOW|energy=MEDIUM|align=FULL/UP|level=AT_RESISTANCE|event=BREAKOUT,NORMAL_FLOW,NORMAL_FLOW,BREAKOUT,BREAKOUT,52,477,0.1090146750524109
state=SWEEP_OR_FALSE_BREAK|energy=HIGH|align=FULL/UP|level=AT_RESISTANCE|event=FALSE_BREAK,state=ACCEPTED_BREAKOUT|energy=HIGH|align=FULL/UP|level=AT_RESISTANCE|event=BREAKOUT,SWEEP_OR_FALSE_BREAK,ACCEPTED_BREAKOUT,FALSE_BREAK,BREAKOUT,43,406,0.10591133004926108
state=LOW_RANGE|energy=LOW|align=FULL/UP|level=AT_RESISTANCE|event=BREAKOUT,state=SWEEP_OR_FALSE_BREAK|energy=LOW|align=MIXED/UP|level=AT_RESISTANCE|event=FALSE_BREAK,LOW_RANGE,SWEEP_OR_FALSE_BREAK,BREAKOUT,FALSE_BREAK,48,472,0.1016949152542373
state=NORMAL_FLOW|energy=LOW|align=FULL/UP|level=AT_RESISTANCE|event=BREAKOUT,state=NORMAL_FLOW|energy=MEDIUM|align=FULL/UP|level=AT_RESISTANCE|event=BREAKOUT,NORMAL_FLOW,NORMAL_FLOW,BREAKOUT,BREAKOUT,103,1017,0.10127826941986234
state=SWEEP_OR_FALSE_BREAK|energy=MEDIUM|align=FULL/UP|level=AT_RESISTANCE|event=FALSE_BREAK,state=NORMAL_FLOW|energy=MEDIUM|align=FULL/UP|level=AT_RESISTANCE|event=BREAKOUT,SWEEP_OR_FALSE_BREAK,NORMAL_FLOW,FALSE_BREAK,BREAKOUT,109,1087,0.10027598896044158
state=EXPANSION|energy=HIGH|align=FULL/DOWN|level=AT_SUPPORT|event=BREAKOUT,state=EXPANSION|energy=EXTREME|align=FULL/DOWN|level=AT_SUPPORT|event=BREAKOUT,EXPANSION,EXPANSION,BREAKOUT,BREAKOUT,44,448,0.09821428571428571
state=LOW_RANGE|energy=LOW|align=FULL/UP|level=AT_RESISTANCE|event=BREAKOUT,state=NORMAL_FLOW|energy=MEDIUM|align=FULL/UP|level=AT_RESISTANCE|event=BREAKOUT,LOW_RANGE,NORMAL_FLOW,BREAKOUT,BREAKOUT,46,472,0.09745762711864407
state=SWEEP_OR_FALSE_BREAK|energy=LOW|align=FULL/UP|level=AT_RESISTANCE|event=FALSE_BREAK,state=NORMAL_FLOW|energy=MEDIUM|align=FULL/UP|level=AT_RESISTANCE|event=BREAKOUT,SWEEP_OR_FALSE_BREAK,NORMAL_FLOW,FALSE_BREAK,BREAKOUT,111,1169,0.0949529512403764
state=NORMAL_FLOW|energy=HIGH|align=FULL/UP|level=NEAR_RESISTANCE|event=BREAKOUT,state=NORMAL_FLOW|energy=MEDIUM|align=FULL/UP|level=AT_RESISTANCE|event=BREAKOUT,NORMAL_FLOW,NORMAL_FLOW,BREAKOUT,BREAKOUT,30,316,0.0949367088607595
state=NORMAL_FLOW|energy=LOW|align=FULL/UP|level=AT_RESISTANCE|event=BREAKOUT,state=NORMAL_FLOW|energy=LOW|align=FULL/UP|level=AT_RESISTANCE|event=BREAKOUT,NORMAL_FLOW,NORMAL_FLOW,BREAKOUT,BREAKOUT,95,1017,0.09341199606686332
state=LOW_RANGE|energy=LOW|align=FULL/UP|level=AT_RESISTANCE|event=BREAKOUT,state=NORMAL_FLOW|energy=LOW|align=FULL/UP|level=AT_RESISTANCE|event=BREAKOUT,LOW_RANGE,NORMAL_FLOW,BREAKOUT,BREAKOUT,44,472,0.09322033898305085
state=EXPANSION|energy=HIGH|align=FULL/UP|level=AT_RESISTANCE|event=BREAKOUT,state=EXPANSION|energy=HIGH|align=FULL/UP|level=AT_RESISTANCE|event=BREAKOUT,EXPANSION,EXPANSION,BREAKOUT,BREAKOUT,56,603,0.09286898839137644
state=SWEEP_OR_FALSE_BREAK|energy=LOW|align=FULL/DOWN|level=AT_SUPPORT|event=FALSE_BREAK,state=SWEEP_OR_FALSE_BREAK|energy=LOW|align=FULL/DOWN|level=AT_SUPPORT|event=FALSE_BREAK,SWEEP_OR_FALSE_BREAK,SWEEP_OR_FALSE_BREAK,FALSE_BREAK,FALSE_BREAK,67,724,0.0925414364640884
state=NORMAL_FLOW|energy=MEDIUM|align=NONE/MIXED|level=NEAR_RESISTANCE|event=BREAKOUT,state=SWEEP_OR_FALSE_BREAK|energy=LOW|align=MIXED/DOWN|level=AT_RESISTANCE|event=FALSE_BREAK,NORMAL_FLOW,SWEEP_OR_FALSE_BREAK,BREAKOUT,FALSE_BREAK,31,341,0.09090909090909091
state=NORMAL_FLOW|energy=LOW|align=FULL/DOWN|level=AT_SUPPORT|event=BREAKOUT,state=NORMAL_FLOW|energy=MEDIUM|align=FULL/DOWN|level=AT_SUPPORT|event=BREAKOUT,NORMAL_FLOW,NORMAL_FLOW,BREAKOUT,BREAKOUT,59,676,0.08727810650887574
state=SWEEP_OR_FALSE_BREAK|energy=LOW|align=FULL/DOWN|level=AT_SUPPORT|event=FALSE_BREAK,state=NORMAL_FLOW|energy=MEDIUM|align=FULL/DOWN|level=AT_SUPPORT|event=BREAKOUT,SWEEP_OR_FALSE_BREAK,NORMAL_FLOW,FALSE_BREAK,BREAKOUT,63,724,0.08701657458563536
state=NORMAL_FLOW|energy=LOW|align=FULL/DOWN|level=AT_SUPPORT|event=BREAKOUT,state=NORMAL_FLOW|energy=LOW|align=FULL/DOWN|level=AT_SUPPORT|event=BREAKOUT,NORMAL_FLOW,NORMAL_FLOW,BREAKOUT,BREAKOUT,58,676,0.08579881656804733
state=SWEEP_OR_FALSE_BREAK|energy=LOW|align=FULL/UP|level=AT_RESISTANCE|event=FALSE_BREAK,state=SWEEP_OR_FALSE_BREAK|energy=LOW|align=FULL/UP|level=AT_RESISTANCE|event=FALSE_BREAK,SWEEP_OR_FALSE_BREAK,SWEEP_OR_FALSE_BREAK,FALSE_BREAK,FALSE_BREAK,100,1169,0.0855431993156544
state=NORMAL_FLOW|energy=MEDIUM|align=FULL/DOWN|level=NEAR_SUPPORT|event=BREAKOUT,state=NORMAL_FLOW|energy=MEDIUM|align=FULL/DOWN|level=AT_SUPPORT|event=BREAKOUT,NORMAL_FLOW,NORMAL_FLOW,BREAKOUT,BREAKOUT,36,421,0.0855106888361045
state=NORMAL_FLOW|energy=MEDIUM|align=FULL/DOWN|level=AT_SUPPORT|event=BREAKOUT,state=NORMAL_FLOW|energy=MEDIUM|align=FULL/DOWN|level=AT_SUPPORT|event=BREAKOUT,NORMAL_FLOW,NORMAL_FLOW,BREAKOUT,BREAKOUT,107,1304,0.08205521472392638
state=SWEEP_OR_FALSE_BREAK|energy=HIGH|align=FULL/DOWN|level=AT_SUPPORT|event=FALSE_BREAK,state=ACCEPTED_BREAKOUT|energy=HIGH|align=FULL/DOWN|level=AT_SUPPORT|event=BREAKOUT,SWEEP_OR_FALSE_BREAK,ACCEPTED_BREAKOUT,FALSE_BREAK,BREAKOUT,38,469,0.08102345415778252
state=NORMAL_FLOW|energy=MEDIUM|align=FULL/UP|level=NEAR_RESISTANCE|event=BREAKOUT,state=NORMAL_FLOW|energy=LOW|align=FULL/UP|level=AT_RESISTANCE|event=BREAKOUT,NORMAL_FLOW,NORMAL_FLOW,BREAKOUT,BREAKOUT,38,477,0.07966457023060797
state=EXPANSION|energy=EXTREME|align=FULL/DOWN|level=AT_SUPPORT|event=BREAKOUT,state=EXPANSION|energy=EXTREME|align=FULL/DOWN|level=NEAR_SUPPORT|event=BREAKOUT,EXPANSION,EXPANSION,BREAKOUT,BREAKOUT,56,711,0.07876230661040788
state=NORMAL_FLOW|energy=LOW|align=NONE/MIXED|level=AT_SUPPORT|event=BREAKOUT,state=SWEEP_OR_FALSE_BREAK|energy=LOW|align=MIXED/UP|level=AT_RESISTANCE|event=FALSE_BREAK,NORMAL_FLOW,SWEEP_OR_FALSE_BREAK,BREAKOUT,FALSE_BREAK,38,486,0.07818930041152264
state=EXPANSION|energy=HIGH|align=FULL/UP|level=AT_RESISTANCE|event=BREAKOUT,state=NORMAL_FLOW|energy=MEDIUM|align=FULL/UP|level=AT_RESISTANCE|event=BREAKOUT,EXPANSION,NORMAL_FLOW,BREAKOUT,BREAKOUT,47,603,0.0779436152570481
state=ACCEPTED_BREAKOUT|energy=EXTREME|align=FULL/UP|level=AT_RESISTANCE|event=BREAKOUT,state=ACCEPTED_BREAKOUT|energy=EXTREME|align=FULL/UP|level=AT_RESISTANCE|event=BREAKOUT,ACCEPTED_BREAKOUT,ACCEPTED_BREAKOUT,BREAKOUT,BREAKOUT,30,385,0.07792207792207792
state=NORMAL_FLOW|energy=HIGH|align=FULL/DOWN|level=AT_SUPPORT|event=BREAKOUT,state=SWEEP_OR_FALSE_BREAK|energy=MEDIUM|align=MIXED/DOWN|level=AT_SUPPORT|event=FALSE_BREAK,NORMAL_FLOW,SWEEP_OR_FALSE_BREAK,BREAKOUT,FALSE_BREAK,64,823,0.07776427703523693
state=NORMAL_FLOW|energy=HIGH|align=FULL/UP|level=AT_RESISTANCE|event=BREAKOUT,state=SWEEP_OR_FALSE_BREAK|energy=MEDIUM|align=MIXED/UP|level=AT_RESISTANCE|event=FALSE_BREAK,NORMAL_FLOW,SWEEP_OR_FALSE_BREAK,BREAKOUT,FALSE_BREAK,80,1035,0.07729468599033816
state=EXPANSION|energy=HIGH|align=FULL/DOWN|level=AT_SUPPORT|event=BREAKOUT,state=EXPANSION|energy=HIGH|align=FULL/DOWN|level=AT_SUPPORT|event=BREAKOUT,EXPANSION,EXPANSION,BREAKOUT,BREAKOUT,34,448,0.07589285714285714
state=NORMAL_FLOW|energy=MEDIUM|align=MIXED/DOWN|level=AT_SUPPORT|event=BREAKOUT,state=NORMAL_FLOW|energy=MEDIUM|align=MIXED/DOWN|level=AT_SUPPORT|event=BREAKOUT,NORMAL_FLOW,NORMAL_FLOW,BREAKOUT,BREAKOUT,90,1203,0.07481296758104738
state=SWEEP_OR_FALSE_BREAK|energy=MEDIUM|align=FULL/DOWN|level=AT_SUPPORT|event=FALSE_BREAK,state=SWEEP_OR_FALSE_BREAK|energy=MEDIUM|align=FULL/DOWN|level=AT_SUPPORT|event=FALSE_BREAK,SWEEP_OR_FALSE_BREAK,SWEEP_OR_FALSE_BREAK,FALSE_BREAK,FALSE_BREAK,69,928,0.07435344827586207
state=SWEEP_OR_FALSE_BREAK|energy=HIGH|align=FULL/UP|level=AT_RESISTANCE|event=FALSE_BREAK,state=SWEEP_OR_FALSE_BREAK|energy=MEDIUM|align=FULL/UP|level=AT_RESISTANCE|event=FALSE_BREAK,SWEEP_OR_FALSE_BREAK,SWEEP_OR_FALSE_BREAK,FALSE_BREAK,FALSE_BREAK,30,406,0.07389162561576355
state=NORMAL_FLOW|energy=LOW|align=MIXED/DOWN|level=AT_SUPPORT|event=BREAKOUT,state=SWEEP_OR_FALSE_BREAK|energy=LOW|align=NONE/MIXED|level=AT_RESISTANCE|event=FALSE_BREAK,NORMAL_FLOW,SWEEP_OR_FALSE_BREAK,BREAKOUT,FALSE_BREAK,49,665,0.07368421052631578
state=NORMAL_FLOW|energy=MEDIUM|align=MIXED/UP|level=AT_RESISTANCE|event=BREAKOUT,state=NORMAL_FLOW|energy=MEDIUM|align=MIXED/UP|level=AT_RESISTANCE|event=BREAKOUT,NORMAL_FLOW,NORMAL_FLOW,BREAKOUT,BREAKOUT,104,1412,0.07365439093484419
state=NORMAL_FLOW|energy=MEDIUM|align=FULL/DOWN|level=NEAR_SUPPORT|event=BREAKOUT,state=SWEEP_OR_FALSE_BREAK|energy=LOW|align=MIXED/DOWN|level=AT_SUPPORT|event=FALSE_BREAK,NORMAL_FLOW,SWEEP_OR_FALSE_BREAK,BREAKOUT,FALSE_BREAK,31,421,0.07363420427553444
state=NORMAL_FLOW|energy=LOW|align=NONE/MIXED|level=AT_RESISTANCE|event=BREAKOUT,state=SWEEP_OR_FALSE_BREAK|energy=LOW|align=MIXED/DOWN|level=AT_SUPPORT|event=FALSE_BREAK,NORMAL_FLOW,SWEEP_OR_FALSE_BREAK,BREAKOUT,FALSE_BREAK,40,549,0.07285974499089254
state=NORMAL_FLOW|energy=LOW|align=MIXED/UP|level=AT_RESISTANCE|event=BREAKOUT,state=NORMAL_FLOW|energy=MEDIUM|align=MIXED/UP|level=AT_RESISTANCE|event=BREAKOUT,NORMAL_FLOW,NORMAL_FLOW,BREAKOUT,BREAKOUT,58,803,0.0722291407222914
state=SWEEP_OR_FALSE_BREAK|energy=MEDIUM|align=FULL/DOWN|level=AT_SUPPORT|event=FALSE_BREAK,state=NORMAL_FLOW|energy=MEDIUM|align=FULL/DOWN|level=AT_SUPPORT|event=BREAKOUT,SWEEP_OR_FALSE_BREAK,NORMAL_FLOW,FALSE_BREAK,BREAKOUT,66,928,0.07112068965517242
state=ACCEPTED_BREAKOUT|energy=HIGH|align=MIXED/DOWN|level=AT_SUPPORT|event=BREAKOUT,state=ACCEPTED_BREAKOUT|energy=HIGH|align=MIXED/DOWN|level=AT_SUPPORT|event=BREAKOUT,ACCEPTED_BREAKOUT,ACCEPTED_BREAKOUT,BREAKOUT,BREAKOUT,34,479,0.0709812108559499
state=NORMAL_FLOW|energy=MEDIUM|align=MIXED/DOWN|level=NEAR_SUPPORT|event=BREAKOUT,state=SWEEP_OR_FALSE_BREAK|energy=LOW|align=NONE/MIXED|level=AT_SUPPORT|event=FALSE_BREAK,NORMAL_FLOW,SWEEP_OR_FALSE_BREAK,BREAKOUT,FALSE_BREAK,32,451,0.07095343680709534
state=NORMAL_FLOW|energy=HIGH|align=MIXED/UP|level=AT_RESISTANCE|event=BREAKOUT,state=NORMAL_FLOW|energy=MEDIUM|align=MIXED/UP|level=AT_RESISTANCE|event=BREAKOUT,NORMAL_FLOW,NORMAL_FLOW,BREAKOUT,BREAKOUT,36,508,0.07086614173228346
state=ACCEPTED_BREAKOUT|energy=HIGH|align=FULL/DOWN|level=AT_SUPPORT|event=BREAKOUT,state=SWEEP_OR_FALSE_BREAK|energy=MEDIUM|align=MIXED/DOWN|level=AT_SUPPORT|event=FALSE_BREAK,ACCEPTED_BREAKOUT,SWEEP_OR_FALSE_BREAK,BREAKOUT,FALSE_BREAK,53,749,0.07076101468624833
state=NORMAL_FLOW|energy=HIGH|align=FULL/DOWN|level=AT_SUPPORT|event=BREAKOUT,state=NORMAL_FLOW|energy=MEDIUM|align=FULL/DOWN|level=AT_SUPPORT|event=BREAKOUT,NORMAL_FLOW,NORMAL_FLOW,BREAKOUT,BREAKOUT,58,823,0.07047387606318348
state=NORMAL_FLOW|energy=HIGH|align=MIXED/DOWN|level=AT_SUPPORT|event=BREAKOUT,state=NORMAL_FLOW|energy=MEDIUM|align=MIXED/DOWN|level=AT_SUPPORT|event=BREAKOUT,NORMAL_FLOW,NORMAL_FLOW,BREAKOUT,BREAKOUT,35,498,0.07028112449799197
state=SWEEP_OR_FALSE_BREAK|energy=MEDIUM|align=FULL/UP|level=AT_RESISTANCE|event=FALSE_BREAK,state=SWEEP_OR_FALSE_BREAK|energy=MEDIUM|align=FULL/UP|level=AT_RESISTANCE|event=FALSE_BREAK,SWEEP_OR_FALSE_BREAK,SWEEP_OR_FALSE_BREAK,FALSE_BREAK,FALSE_BREAK,76,1087,0.06991720331186753
state=EXPANSION|energy=HIGH|align=FULL/UP|level=AT_RESISTANCE|event=BREAKOUT,state=EXPANSION|energy=EXTREME|align=FULL/UP|level=AT_RESISTANCE|event=BREAKOUT,EXPANSION,EXPANSION,BREAKOUT,BREAKOUT,42,603,0.06965174129353234
state=NORMAL_FLOW|energy=LOW|align=NONE/MIXED|level=AT_RESISTANCE|event=BREAKOUT,state=SWEEP_OR_FALSE_BREAK|energy=LOW|align=MIXED/DOWN|level=AT_RESISTANCE|event=FALSE_BREAK,NORMAL_FLOW,SWEEP_OR_FALSE_BREAK,BREAKOUT,FALSE_BREAK,38,549,0.0692167577413479
state=NORMAL_FLOW|energy=MEDIUM|align=MIXED/DOWN|level=NEAR_SUPPORT|event=BREAKOUT,state=NORMAL_FLOW|energy=LOW|align=MIXED/DOWN|level=AT_SUPPORT|event=BREAKOUT,NORMAL_FLOW,NORMAL_FLOW,BREAKOUT,BREAKOUT,31,451,0.06873614190687362
state=NORMAL_FLOW|energy=MEDIUM|align=MIXED/UP|level=NEAR_RESISTANCE|event=BREAKOUT,state=SWEEP_OR_FALSE_BREAK|energy=LOW|align=NONE/MIXED|level=AT_RESISTANCE|event=FALSE_BREAK,NORMAL_FLOW,SWEEP_OR_FALSE_BREAK,BREAKOUT,FALSE_BREAK,34,497,0.06841046277665996
state=NORMAL_FLOW|energy=LOW|align=FULL/UP|level=AT_RESISTANCE|event=BREAKOUT,state=SWEEP_OR_FALSE_BREAK|energy=LOW|align=FULL/UP|level=AT_RESISTANCE|event=FALSE_BREAK,NORMAL_FLOW,SWEEP_OR_FALSE_BREAK,BREAKOUT,FALSE_BREAK,69,1017,0.06784660766961652
state=SWEEP_OR_FALSE_BREAK|energy=LOW|align=MIXED/UP|level=AT_SUPPORT|event=FALSE_BREAK,state=SWEEP_OR_FALSE_BREAK|energy=LOW|align=FULL/UP|level=AT_RESISTANCE|event=FALSE_BREAK,SWEEP_OR_FALSE_BREAK,SWEEP_OR_FALSE_BREAK,FALSE_BREAK,FALSE_BREAK,57,842,0.06769596199524941
state=SWEEP_OR_FALSE_BREAK|energy=LOW|align=FULL/UP|level=AT_RESISTANCE|event=FALSE_BREAK,state=NORMAL_FLOW|energy=LOW|align=FULL/UP|level=AT_RESISTANCE|event=BREAKOUT,SWEEP_OR_FALSE_BREAK,NORMAL_FLOW,FALSE_BREAK,BREAKOUT,78,1169,0.06672369546621043
state=SWEEP_OR_FALSE_BREAK|energy=LOW|align=NONE/MIXED|level=AT_SUPPORT|event=FALSE_BREAK,state=SWEEP_OR_FALSE_BREAK|energy=LOW|align=MIXED/UP|level=AT_RESISTANCE|event=FALSE_BREAK,SWEEP_OR_FALSE_BREAK,SWEEP_OR_FALSE_BREAK,FALSE_BREAK,FALSE_BREAK,92,1382,0.06657018813314038
state=LOW_RANGE|energy=LOW|align=FULL/UP|level=AT_RESISTANCE|event=BREAKOUT,state=SWEEP_OR_FALSE_BREAK|energy=LOW|align=FULL/UP|level=AT_RESISTANCE|event=FALSE_BREAK,LOW_RANGE,SWEEP_OR_FALSE_BREAK,BREAKOUT,FALSE_BREAK,31,472,0.06567796610169492
state=NORMAL_FLOW|energy=MEDIUM|align=NONE/MIXED|level=AT_SUPPORT|event=BREAKOUT,state=SWEEP_OR_FALSE_BREAK|energy=MEDIUM|align=MIXED/UP|level=AT_RESISTANCE|event=FALSE_BREAK,NORMAL_FLOW,SWEEP_OR_FALSE_BREAK,BREAKOUT,FALSE_BREAK,56,858,0.06526806526806526
state=NORMAL_FLOW|energy=MEDIUM|align=FULL/UP|level=NEAR_RESISTANCE|event=BREAKOUT,state=SWEEP_OR_FALSE_BREAK|energy=LOW|align=MIXED/UP|level=AT_RESISTANCE|event=FALSE_BREAK,NORMAL_FLOW,SWEEP_OR_FALSE_BREAK,BREAKOUT,FALSE_BREAK,31,477,0.0649895178197065
state=SWEEP_OR_FALSE_BREAK|energy=LOW|align=FULL/DOWN|level=AT_SUPPORT|event=FALSE_BREAK,state=NORMAL_FLOW|energy=LOW|align=FULL/DOWN|level=AT_SUPPORT|event=BREAKOUT,SWEEP_OR_FALSE_BREAK,NORMAL_FLOW,FALSE_BREAK,BREAKOUT,47,724,0.0649171270718232
state=SWEEP_OR_FALSE_BREAK|energy=MEDIUM|align=MIXED/UP|level=AT_SUPPORT|event=FALSE_BREAK,state=SWEEP_OR_FALSE_BREAK|energy=MEDIUM|align=FULL/UP|level=AT_RESISTANCE|event=FALSE_BREAK,SWEEP_OR_FALSE_BREAK,SWEEP_OR_FALSE_BREAK,FALSE_BREAK,FALSE_BREAK,45,696,0.06465517241379311
state=NORMAL_FLOW|energy=HIGH|align=FULL/UP|level=AT_RESISTANCE|event=BREAKOUT,state=NORMAL_FLOW|energy=HIGH|align=FULL/UP|level=AT_RESISTANCE|event=BREAKOUT,NORMAL_FLOW,NORMAL_FLOW,BREAKOUT,BREAKOUT,66,1035,0.06376811594202898
state=ACCEPTED_BREAKOUT|energy=HIGH|align=FULL/UP|level=AT_RESISTANCE|event=BREAKOUT,state=SWEEP_OR_FALSE_BREAK|energy=MEDIUM|align=MIXED/UP|level=AT_RESISTANCE|event=FALSE_BREAK,ACCEPTED_BREAKOUT,SWEEP_OR_FALSE_BREAK,BREAKOUT,FALSE_BREAK,55,866,0.06351039260969978
state=ACCEPTED_BREAKOUT|energy=HIGH|align=MIXED/DOWN|level=AT_SUPPORT|event=BREAKOUT,state=SWEEP_OR_FALSE_BREAK|energy=MEDIUM|align=NONE/MIXED|level=AT_SUPPORT|event=FALSE_BREAK,ACCEPTED_BREAKOUT,SWEEP_OR_FALSE_BREAK,BREAKOUT,FALSE_BREAK,30,479,0.06263048016701461
state=SWEEP_OR_FALSE_BREAK|energy=VERY_LOW|align=MIXED/UP|level=AT_RESISTANCE|event=FALSE_BREAK,state=SWEEP_OR_FALSE_BREAK|energy=VERY_LOW|align=MIXED/UP|level=AT_RESISTANCE|event=FALSE_BREAK,SWEEP_OR_FALSE_BREAK,SWEEP_OR_FALSE_BREAK,FALSE_BREAK,FALSE_BREAK,37,591,0.06260575296108291
state=NORMAL_FLOW|energy=LOW|align=MIXED/UP|level=AT_RESISTANCE|event=BREAKOUT,state=SWEEP_OR_FALSE_BREAK|energy=LOW|align=NONE/MIXED|level=AT_RESISTANCE|event=FALSE_BREAK,NORMAL_FLOW,SWEEP_OR_FALSE_BREAK,BREAKOUT,FALSE_BREAK,50,803,0.062266500622665005
state=NORMAL_FLOW|energy=LOW|align=FULL/DOWN|level=AT_SUPPORT|event=BREAKOUT,state=SWEEP_OR_FALSE_BREAK|energy=LOW|align=FULL/DOWN|level=AT_SUPPORT|event=FALSE_BREAK,NORMAL_FLOW,SWEEP_OR_FALSE_BREAK,BREAKOUT,FALSE_BREAK,42,676,0.0621301775147929
state=NORMAL_FLOW|energy=LOW|align=FULL/DOWN|level=AT_SUPPORT|event=BREAKOUT,state=SWEEP_OR_FALSE_BREAK|energy=LOW|align=MIXED/DOWN|level=AT_SUPPORT|event=FALSE_BREAK,NORMAL_FLOW,SWEEP_OR_FALSE_BREAK,BREAKOUT,FALSE_BREAK,42,676,0.0621301775147929
state=EXPANSION|energy=EXTREME|align=FULL/UP|level=AT_RESISTANCE|event=BREAKOUT,state=EXPANSION|energy=HIGH|align=FULL/UP|level=AT_RESISTANCE|event=BREAKOUT,EXPANSION,EXPANSION,BREAKOUT,BREAKOUT,42,677,0.0620384047267356
state=NORMAL_FLOW|energy=HIGH|align=FULL/DOWN|level=AT_SUPPORT|event=BREAKOUT,state=NORMAL_FLOW|energy=HIGH|align=FULL/DOWN|level=AT_SUPPORT|event=BREAKOUT,NORMAL_FLOW,NORMAL_FLOW,BREAKOUT,BREAKOUT,51,823,0.061968408262454436
state=NORMAL_FLOW|energy=MEDIUM|align=MIXED/UP|level=NEAR_RESISTANCE|event=BREAKOUT,state=NORMAL_FLOW|energy=MEDIUM|align=MIXED/UP|level=AT_RESISTANCE|event=BREAKOUT,NORMAL_FLOW,NORMAL_FLOW,BREAKOUT,BREAKOUT,30,497,0.060362173038229376
state=NORMAL_FLOW|energy=LOW|align=MIXED/DOWN|level=AT_SUPPORT|event=BREAKOUT,state=NORMAL_FLOW|energy=MEDIUM|align=MIXED/DOWN|level=AT_SUPPORT|event=BREAKOUT,NORMAL_FLOW,NORMAL_FLOW,BREAKOUT,BREAKOUT,40,665,0.06015037593984962
state=SWEEP_OR_FALSE_BREAK|energy=LOW|align=MIXED/UP|level=AT_SUPPORT|event=FALSE_BREAK,state=NORMAL_FLOW|energy=MEDIUM|align=FULL/UP|level=AT_RESISTANCE|event=BREAKOUT,SWEEP_OR_FALSE_BREAK,NORMAL_FLOW,FALSE_BREAK,BREAKOUT,50,842,0.05938242280285035
state=SWEEP_OR_FALSE_BREAK|energy=MEDIUM|align=FULL/DOWN|level=AT_SUPPORT|event=FALSE_BREAK,state=NORMAL_FLOW|energy=HIGH|align=FULL/DOWN|level=AT_SUPPORT|event=BREAKOUT,SWEEP_OR_FALSE_BREAK,NORMAL_FLOW,FALSE_BREAK,BREAKOUT,55,928,0.059267241379310345
state=SWEEP_OR_FALSE_BREAK|energy=VERY_LOW|align=MIXED/UP|level=AT_RESISTANCE|event=FALSE_BREAK,state=SWEEP_OR_FALSE_BREAK|energy=LOW|align=FULL/UP|level=AT_RESISTANCE|event=FALSE_BREAK,SWEEP_OR_FALSE_BREAK,SWEEP_OR_FALSE_BREAK,FALSE_BREAK,FALSE_BREAK,35,591,0.05922165820642978
state=NORMAL_FLOW|energy=LOW|align=MIXED/UP|level=AT_RESISTANCE|event=BREAKOUT,state=NORMAL_FLOW|energy=LOW|align=MIXED/UP|level=AT_RESISTANCE|event=BREAKOUT,NORMAL_FLOW,NORMAL_FLOW,BREAKOUT,BREAKOUT,47,803,0.058530510585305104
state=NORMAL_FLOW|energy=MEDIUM|align=NONE/MIXED|level=AT_RESISTANCE|event=BREAKOUT,state=SWEEP_OR_FALSE_BREAK|energy=MEDIUM|align=MIXED/DOWN|level=AT_SUPPORT|event=FALSE_BREAK,NORMAL_FLOW,SWEEP_OR_FALSE_BREAK,BREAKOUT,FALSE_BREAK,46,796,0.05778894472361809
state=SWEEP_OR_FALSE_BREAK|energy=VERY_LOW|align=NONE/MIXED|level=AT_RESISTANCE|event=FALSE_BREAK,state=SWEEP_OR_FALSE_BREAK|energy=VERY_LOW|align=MIXED/UP|level=AT_RESISTANCE|event=FALSE_BREAK,SWEEP_OR_FALSE_BREAK,SWEEP_OR_FALSE_BREAK,FALSE_BREAK,FALSE_BREAK,31,542,0.05719557195571956
state=NORMAL_FLOW|energy=LOW|align=MIXED/DOWN|level=AT_SUPPORT|event=BREAKOUT,state=SWEEP_OR_FALSE_BREAK|energy=LOW|align=NONE/MIXED|level=AT_SUPPORT|event=FALSE_BREAK,NORMAL_FLOW,SWEEP_OR_FALSE_BREAK,BREAKOUT,FALSE_BREAK,38,665,0.05714285714285714
state=NORMAL_FLOW|energy=HIGH|align=FULL/DOWN|level=AT_SUPPORT|event=BREAKOUT,state=ACCEPTED_BREAKOUT|energy=HIGH|align=FULL/DOWN|level=AT_SUPPORT|event=BREAKOUT,NORMAL_FLOW,ACCEPTED_BREAKOUT,BREAKOUT,BREAKOUT,47,823,0.05710814094775213
state=EXPANSION|energy=EXTREME|align=FULL/DOWN|level=AT_SUPPORT|event=BREAKOUT,state=EXPANSION|energy=HIGH|align=FULL/DOWN|level=AT_SUPPORT|event=BREAKOUT,EXPANSION,EXPANSION,BREAKOUT,BREAKOUT,40,711,0.05625879043600562
state=NORMAL_FLOW|energy=LOW|align=FULL/DOWN|level=AT_SUPPORT|event=BREAKOUT,state=SWEEP_OR_FALSE_BREAK|energy=LOW|align=MIXED/DOWN|level=AT_RESISTANCE|event=FALSE_BREAK,NORMAL_FLOW,SWEEP_OR_FALSE_BREAK,BREAKOUT,FALSE_BREAK,38,676,0.05621301775147929
state=EXPANSION|energy=EXTREME|align=FULL/UP|level=AT_RESISTANCE|event=BREAKOUT,state=EXPANSION|energy=EXTREME|align=FULL/UP|level=NEAR_RESISTANCE|event=BREAKOUT,EXPANSION,EXPANSION,BREAKOUT,BREAKOUT,38,677,0.056129985228951254
state=SWEEP_OR_FALSE_BREAK|energy=MEDIUM|align=MIXED/UP|level=AT_SUPPORT|event=FALSE_BREAK,state=NORMAL_FLOW|energy=MEDIUM|align=FULL/UP|level=AT_RESISTANCE|event=BREAKOUT,SWEEP_OR_FALSE_BREAK,NORMAL_FLOW,FALSE_BREAK,BREAKOUT,39,696,0.05603448275862069
state=NORMAL_FLOW|energy=MEDIUM|align=MIXED/UP|level=AT_RESISTANCE|event=BREAKOUT,state=SWEEP_OR_FALSE_BREAK|energy=LOW|align=NONE/MIXED|level=AT_RESISTANCE|event=FALSE_BREAK,NORMAL_FLOW,SWEEP_OR_FALSE_BREAK,BREAKOUT,FALSE_BREAK,78,1412,0.05524079320113314
state=NORMAL_FLOW|energy=HIGH|align=FULL/UP|level=AT_RESISTANCE|event=BREAKOUT,state=ACCEPTED_BREAKOUT|energy=HIGH|align=FULL/UP|level=AT_RESISTANCE|event=BREAKOUT,NORMAL_FLOW,ACCEPTED_BREAKOUT,BREAKOUT,BREAKOUT,57,1035,0.05507246376811594
state=SWEEP_OR_FALSE_BREAK|energy=LOW|align=MIXED/UP|level=AT_RESISTANCE|event=FALSE_BREAK,state=SWEEP_OR_FALSE_BREAK|energy=LOW|align=MIXED/UP|level=AT_RESISTANCE|event=FALSE_BREAK,SWEEP_OR_FALSE_BREAK,SWEEP_OR_FALSE_BREAK,FALSE_BREAK,FALSE_BREAK,105,1910,0.0549738219895288
state=NORMAL_FLOW|energy=MEDIUM|align=MIXED/DOWN|level=AT_SUPPORT|event=BREAKOUT,state=SWEEP_OR_FALSE_BREAK|energy=LOW|align=NONE/MIXED|level=AT_SUPPORT|event=FALSE_BREAK,NORMAL_FLOW,SWEEP_OR_FALSE_BREAK,BREAKOUT,FALSE_BREAK,66,1203,0.05486284289276808
state=NORMAL_FLOW|energy=LOW|align=MIXED/UP|level=AT_RESISTANCE|event=BREAKOUT,state=SWEEP_OR_FALSE_BREAK|energy=LOW|align=NONE/MIXED|level=AT_SUPPORT|event=FALSE_BREAK,NORMAL_FLOW,SWEEP_OR_FALSE_BREAK,BREAKOUT,FALSE_BREAK,44,803,0.0547945205479452
state=NORMAL_FLOW|energy=MEDIUM|align=FULL/UP|level=AT_RESISTANCE|event=BREAKOUT,state=NORMAL_FLOW|energy=HIGH|align=FULL/UP|level=AT_RESISTANCE|event=BREAKOUT,NORMAL_FLOW,NORMAL_FLOW,BREAKOUT,BREAKOUT,112,2047,0.05471421592574499
state=NORMAL_FLOW|energy=MEDIUM|align=FULL/UP|level=AT_RESISTANCE|event=BREAKOUT,state=SWEEP_OR_FALSE_BREAK|energy=LOW|align=MIXED/UP|level=AT_RESISTANCE|event=FALSE_BREAK,NORMAL_FLOW,SWEEP_OR_FALSE_BREAK,BREAKOUT,FALSE_BREAK,111,2047,0.0542256961406937
state=SWEEP_OR_FALSE_BREAK|energy=MEDIUM|align=MIXED/DOWN|level=AT_RESISTANCE|event=FALSE_BREAK,state=SWEEP_OR_FALSE_BREAK|energy=MEDIUM|align=FULL/DOWN|level=AT_SUPPORT|event=FALSE_BREAK,SWEEP_OR_FALSE_BREAK,SWEEP_OR_FALSE_BREAK,FALSE_BREAK,FALSE_BREAK,44,823,0.053462940461725394
state=SWEEP_OR_FALSE_BREAK|energy=MEDIUM|align=FULL/UP|level=AT_RESISTANCE|event=FALSE_BREAK,state=SWEEP_OR_FALSE_BREAK|energy=LOW|align=FULL/UP|level=AT_RESISTANCE|event=FALSE_BREAK,SWEEP_OR_FALSE_BREAK,SWEEP_OR_FALSE_BREAK,FALSE_BREAK,FALSE_BREAK,58,1087,0.05335786568537258
state=NORMAL_FLOW|energy=LOW|align=FULL/UP|level=AT_RESISTANCE|event=BREAKOUT,state=SWEEP_OR_FALSE_BREAK|energy=LOW|align=MIXED/UP|level=AT_RESISTANCE|event=FALSE_BREAK,NORMAL_FLOW,SWEEP_OR_FALSE_BREAK,BREAKOUT,FALSE_BREAK,54,1017,0.05309734513274336
state=NORMAL_FLOW|energy=LOW|align=MIXED/DOWN|level=AT_SUPPORT|event=BREAKOUT,state=SWEEP_OR_FALSE_BREAK|energy=LOW|align=MIXED/DOWN|level=AT_SUPPORT|event=FALSE_BREAK,NORMAL_FLOW,SWEEP_OR_FALSE_BREAK,BREAKOUT,FALSE_BREAK,35,665,0.05263157894736842
state=SWEEP_OR_FALSE_BREAK|energy=LOW|align=NONE/MIXED|level=AT_RESISTANCE|event=FALSE_BREAK,state=SWEEP_OR_FALSE_BREAK|energy=LOW|align=MIXED/DOWN|level=AT_SUPPORT|event=FALSE_BREAK,SWEEP_OR_FALSE_BREAK,SWEEP_OR_FALSE_BREAK,FALSE_BREAK,FALSE_BREAK,87,1659,0.05244122965641953
state=EXPANSION|energy=EXTREME|align=FULL/DOWN|level=AT_SUPPORT|event=BREAKOUT,state=EXPANSION|energy=HIGH|align=FULL/DOWN|level=AT_SUPPORT|event=FALSE_BREAK,EXPANSION,EXPANSION,BREAKOUT,FALSE_BREAK,37,711,0.052039381153305204
state=NORMAL_FLOW|energy=MEDIUM|align=FULL/UP|level=AT_RESISTANCE|event=BREAKOUT,state=NORMAL_FLOW|energy=LOW|align=FULL/UP|level=AT_RESISTANCE|event=BREAKOUT,NORMAL_FLOW,NORMAL_FLOW,BREAKOUT,BREAKOUT,106,2047,0.051783097215437224
state=NORMAL_FLOW|energy=MEDIUM|align=FULL/DOWN|level=AT_SUPPORT|event=BREAKOUT,state=NORMAL_FLOW|energy=HIGH|align=FULL/DOWN|level=AT_SUPPORT|event=BREAKOUT,NORMAL_FLOW,NORMAL_FLOW,BREAKOUT,BREAKOUT,67,1304,0.05138036809815951
state=NORMAL_FLOW|energy=LOW|align=MIXED/UP|level=AT_RESISTANCE|event=BREAKOUT,state=SWEEP_OR_FALSE_BREAK|energy=LOW|align=MIXED/UP|level=AT_RESISTANCE|event=FALSE_BREAK,NORMAL_FLOW,SWEEP_OR_FALSE_BREAK,BREAKOUT,FALSE_BREAK,41,803,0.05105853051058531
state=SWEEP_OR_FALSE_BREAK|energy=LOW|align=MIXED/DOWN|level=AT_RESISTANCE|event=FALSE_BREAK,state=NORMAL_FLOW|energy=MEDIUM|align=FULL/DOWN|level=AT_SUPPORT|event=BREAKOUT,SWEEP_OR_FALSE_BREAK,NORMAL_FLOW,FALSE_BREAK,BREAKOUT,55,1078,0.05102040816326531
state=SWEEP_OR_FALSE_BREAK|energy=VERY_LOW|align=MIXED/UP|level=AT_RESISTANCE|event=FALSE_BREAK,state=NORMAL_FLOW|energy=LOW|align=MIXED/UP|level=AT_RESISTANCE|event=BREAKOUT,SWEEP_OR_FALSE_BREAK,NORMAL_FLOW,FALSE_BREAK,BREAKOUT,30,591,0.050761421319796954
state=NORMAL_FLOW|energy=MEDIUM|align=MIXED/UP|level=AT_RESISTANCE|event=BREAKOUT,state=SWEEP_OR_FALSE_BREAK|energy=LOW|align=MIXED/UP|level=AT_RESISTANCE|event=FALSE_BREAK,NORMAL_FLOW,SWEEP_OR_FALSE_BREAK,BREAKOUT,FALSE_BREAK,71,1412,0.05028328611898017
state=NORMAL_FLOW|energy=MEDIUM|align=NONE/MIXED|level=AT_RESISTANCE|event=BREAKOUT,state=NORMAL_FLOW|energy=MEDIUM|align=NONE/MIXED|level=AT_RESISTANCE|event=BREAKOUT,NORMAL_FLOW,NORMAL_FLOW,BREAKOUT,BREAKOUT,40,796,0.05025125628140704
state=SWEEP_OR_FALSE_BREAK|energy=MEDIUM|align=FULL/UP|level=AT_RESISTANCE|event=FALSE_BREAK,state=NORMAL_FLOW|energy=HIGH|align=FULL/UP|level=AT_RESISTANCE|event=BREAKOUT,SWEEP_OR_FALSE_BREAK,NORMAL_FLOW,FALSE_BREAK,BREAKOUT,54,1087,0.04967801287948482
state=SWEEP_OR_FALSE_BREAK|energy=LOW|align=FULL/UP|level=AT_RESISTANCE|event=FALSE_BREAK,state=SWEEP_OR_FALSE_BREAK|energy=LOW|align=MIXED/UP|level=AT_RESISTANCE|event=FALSE_BREAK,SWEEP_OR_FALSE_BREAK,SWEEP_OR_FALSE_BREAK,FALSE_BREAK,FALSE_BREAK,58,1169,0.04961505560307956
state=NORMAL_FLOW|energy=MEDIUM|align=FULL/DOWN|level=AT_SUPPORT|event=BREAKOUT,state=SWEEP_OR_FALSE_BREAK|energy=LOW|align=FULL/DOWN|level=AT_SUPPORT|event=FALSE_BREAK,NORMAL_FLOW,SWEEP_OR_FALSE_BREAK,BREAKOUT,FALSE_BREAK,64,1304,0.049079754601226995
state=NORMAL_FLOW|energy=MEDIUM|align=NONE/MIXED|level=AT_RESISTANCE|event=BREAKOUT,state=SWEEP_OR_FALSE_BREAK|energy=LOW|align=MIXED/DOWN|level=AT_RESISTANCE|event=FALSE_BREAK,NORMAL_FLOW,SWEEP_OR_FALSE_BREAK,BREAKOUT,FALSE_BREAK,39,796,0.048994974874371856
state=NORMAL_FLOW|energy=MEDIUM|align=NONE/MIXED|level=AT_SUPPORT|event=BREAKOUT,state=SWEEP_OR_FALSE_BREAK|energy=LOW|align=MIXED/UP|level=AT_SUPPORT|event=FALSE_BREAK,NORMAL_FLOW,SWEEP_OR_FALSE_BREAK,BREAKOUT,FALSE_BREAK,42,858,0.04895104895104895
state=SWEEP_OR_FALSE_BREAK|energy=LOW|align=MIXED/UP|level=AT_RESISTANCE|event=FALSE_BREAK,state=SWEEP_OR_FALSE_BREAK|energy=LOW|align=FULL/UP|level=AT_RESISTANCE|event=FALSE_BREAK,SWEEP_OR_FALSE_BREAK,SWEEP_OR_FALSE_BREAK,FALSE_BREAK,FALSE_BREAK,93,1910,0.04869109947643979
state=NORMAL_FLOW|energy=MEDIUM|align=FULL/DOWN|level=AT_SUPPORT|event=BREAKOUT,state=SWEEP_OR_FALSE_BREAK|energy=MEDIUM|align=MIXED/DOWN|level=AT_RESISTANCE|event=FALSE_BREAK,NORMAL_FLOW,SWEEP_OR_FALSE_BREAK,BREAKOUT,FALSE_BREAK,63,1304,0.04831288343558282
state=NORMAL_FLOW|energy=LOW|align=FULL/UP|level=AT_RESISTANCE|event=BREAKOUT,state=SWEEP_OR_FALSE_BREAK|energy=LOW|align=MIXED/UP|level=AT_SUPPORT|event=FALSE_BREAK,NORMAL_FLOW,SWEEP_OR_FALSE_BREAK,BREAKOUT,FALSE_BREAK,49,1017,0.048180924287118974
state=NORMAL_FLOW|energy=MEDIUM|align=MIXED/UP|level=AT_RESISTANCE|event=BREAKOUT,state=SWEEP_OR_FALSE_BREAK|energy=MEDIUM|align=NONE/MIXED|level=AT_SUPPORT|event=FALSE_BREAK,NORMAL_FLOW,SWEEP_OR_FALSE_BREAK,BREAKOUT,FALSE_BREAK,68,1412,0.04815864022662889
state=ACCEPTED_BREAKOUT|energy=HIGH|align=FULL/UP|level=AT_RESISTANCE|event=BREAKOUT,state=NORMAL_FLOW|energy=MEDIUM|align=FULL/UP|level=AT_RESISTANCE|event=BREAKOUT,ACCEPTED_BREAKOUT,NORMAL_FLOW,BREAKOUT,BREAKOUT,41,866,0.04734411085450346
state=SWEEP_OR_FALSE_BREAK|energy=LOW|align=FULL/UP|level=AT_RESISTANCE|event=FALSE_BREAK,state=NORMAL_FLOW|energy=HIGH|align=FULL/UP|level=AT_RESISTANCE|event=BREAKOUT,SWEEP_OR_FALSE_BREAK,NORMAL_FLOW,FALSE_BREAK,BREAKOUT,55,1169,0.04704875962360992
state=SWEEP_OR_FALSE_BREAK|energy=LOW|align=MIXED/DOWN|level=AT_SUPPORT|event=FALSE_BREAK,state=SWEEP_OR_FALSE_BREAK|energy=LOW|align=NONE/MIXED|level=AT_RESISTANCE|event=FALSE_BREAK,SWEEP_OR_FALSE_BREAK,SWEEP_OR_FALSE_BREAK,FALSE_BREAK,FALSE_BREAK,61,1304,0.04677914110429448
state=ACCEPTED_BREAKOUT|energy=HIGH|align=FULL/UP|level=AT_RESISTANCE|event=BREAKOUT,state=ACCEPTED_BREAKOUT|energy=EXTREME|align=FULL/UP|level=AT_RESISTANCE|event=BREAKOUT,ACCEPTED_BREAKOUT,ACCEPTED_BREAKOUT,BREAKOUT,BREAKOUT,40,866,0.046189376443418015
state=SWEEP_OR_FALSE_BREAK|energy=LOW|align=MIXED/DOWN|level=AT_SUPPORT|event=FALSE_BREAK,state=NORMAL_FLOW|energy=MEDIUM|align=MIXED/DOWN|level=AT_SUPPORT|event=BREAKOUT,SWEEP_OR_FALSE_BREAK,NORMAL_FLOW,FALSE_BREAK,BREAKOUT,60,1304,0.046012269938650305
state=SWEEP_OR_FALSE_BREAK|energy=LOW|align=FULL/DOWN|level=AT_SUPPORT|event=FALSE_BREAK,state=NORMAL_FLOW|energy=HIGH|align=FULL/DOWN|level=AT_SUPPORT|event=BREAKOUT,SWEEP_OR_FALSE_BREAK,NORMAL_FLOW,FALSE_BREAK,BREAKOUT,33,724,0.04558011049723757
state=NORMAL_FLOW|energy=MEDIUM|align=FULL/UP|level=AT_RESISTANCE|event=BREAKOUT,state=SWEEP_OR_FALSE_BREAK|energy=MEDIUM|align=MIXED/UP|level=AT_RESISTANCE|event=FALSE_BREAK,NORMAL_FLOW,SWEEP_OR_FALSE_BREAK,BREAKOUT,FALSE_BREAK,93,2047,0.045432340009770394
state=NORMAL_FLOW|energy=HIGH|align=FULL/UP|level=AT_RESISTANCE|event=BREAKOUT,state=SWEEP_OR_FALSE_BREAK|energy=LOW|align=MIXED/UP|level=AT_RESISTANCE|event=FALSE_BREAK,NORMAL_FLOW,SWEEP_OR_FALSE_BREAK,BREAKOUT,FALSE_BREAK,47,1035,0.04541062801932367
state=SWEEP_OR_FALSE_BREAK|energy=MEDIUM|align=FULL/DOWN|level=AT_SUPPORT|event=FALSE_BREAK,state=SWEEP_OR_FALSE_BREAK|energy=LOW|align=FULL/DOWN|level=AT_SUPPORT|event=FALSE_BREAK,SWEEP_OR_FALSE_BREAK,SWEEP_OR_FALSE_BREAK,FALSE_BREAK,FALSE_BREAK,42,928,0.04525862068965517
state=NORMAL_FLOW|energy=LOW|align=MIXED/DOWN|level=AT_SUPPORT|event=BREAKOUT,state=NORMAL_FLOW|energy=LOW|align=MIXED/DOWN|level=AT_SUPPORT|event=BREAKOUT,NORMAL_FLOW,NORMAL_FLOW,BREAKOUT,BREAKOUT,30,665,0.045112781954887216
state=NORMAL_FLOW|energy=HIGH|align=FULL/DOWN|level=AT_SUPPORT|event=BREAKOUT,state=SWEEP_OR_FALSE_BREAK|energy=MEDIUM|align=FULL/DOWN|level=AT_SUPPORT|event=FALSE_BREAK,NORMAL_FLOW,SWEEP_OR_FALSE_BREAK,BREAKOUT,FALSE_BREAK,37,823,0.04495747266099635
state=NORMAL_FLOW|energy=MEDIUM|align=NONE/MIXED|level=AT_SUPPORT|event=BREAKOUT,state=NORMAL_FLOW|energy=MEDIUM|align=MIXED/UP|level=AT_RESISTANCE|event=BREAKOUT,NORMAL_FLOW,NORMAL_FLOW,BREAKOUT,BREAKOUT,38,858,0.04428904428904429
state=SWEEP_OR_FALSE_BREAK|energy=LOW|align=FULL/DOWN|level=AT_SUPPORT|event=FALSE_BREAK,state=SWEEP_OR_FALSE_BREAK|energy=LOW|align=MIXED/DOWN|level=AT_RESISTANCE|event=FALSE_BREAK,SWEEP_OR_FALSE_BREAK,SWEEP_OR_FALSE_BREAK,FALSE_BREAK,FALSE_BREAK,32,724,0.04419889502762431
state=NORMAL_FLOW|energy=MEDIUM|align=MIXED/DOWN|level=AT_SUPPORT|event=BREAKOUT,state=SWEEP_OR_FALSE_BREAK|energy=MEDIUM|align=NONE/MIXED|level=AT_RESISTANCE|event=FALSE_BREAK,NORMAL_FLOW,SWEEP_OR_FALSE_BREAK,BREAKOUT,FALSE_BREAK,53,1203,0.04405652535328346
state=SWEEP_OR_FALSE_BREAK|energy=MEDIUM|align=MIXED/UP|level=AT_RESISTANCE|event=FALSE_BREAK,state=NORMAL_FLOW|energy=MEDIUM|align=MIXED/UP|level=AT_RESISTANCE|event=BREAKOUT,SWEEP_OR_FALSE_BREAK,NORMAL_FLOW,FALSE_BREAK,BREAKOUT,69,1580,0.043670886075949364
state=SWEEP_OR_FALSE_BREAK|energy=MEDIUM|align=MIXED/DOWN|level=AT_SUPPORT|event=FALSE_BREAK,state=SWEEP_OR_FALSE_BREAK|energy=MEDIUM|align=MIXED/DOWN|level=AT_SUPPORT|event=FALSE_BREAK,SWEEP_OR_FALSE_BREAK,SWEEP_OR_FALSE_BREAK,FALSE_BREAK,FALSE_BREAK,59,1353,0.04360679970436068
state=SWEEP_OR_FALSE_BREAK|energy=LOW|align=MIXED/DOWN|level=AT_RESISTANCE|event=FALSE_BREAK,state=SWEEP_OR_FALSE_BREAK|energy=LOW|align=MIXED/DOWN|level=AT_SUPPORT|event=FALSE_BREAK,SWEEP_OR_FALSE_BREAK,SWEEP_OR_FALSE_BREAK,FALSE_BREAK,FALSE_BREAK,47,1078,0.04359925788497217
state=NORMAL_FLOW|energy=MEDIUM|align=NONE/MIXED|level=AT_SUPPORT|event=BREAKOUT,state=SWEEP_OR_FALSE_BREAK|energy=MEDIUM|align=MIXED/UP|level=NEAR_RESISTANCE|event=FALSE_BREAK,NORMAL_FLOW,SWEEP_OR_FALSE_BREAK,BREAKOUT,FALSE_BREAK,37,858,0.04312354312354312
state=NORMAL_FLOW|energy=MEDIUM|align=FULL/DOWN|level=AT_SUPPORT|event=BREAKOUT,state=SWEEP_OR_FALSE_BREAK|energy=LOW|align=MIXED/DOWN|level=AT_SUPPORT|event=FALSE_BREAK,NORMAL_FLOW,SWEEP_OR_FALSE_BREAK,BREAKOUT,FALSE_BREAK,56,1304,0.04294478527607362
state=SWEEP_OR_FALSE_BREAK|energy=LOW|align=MIXED/DOWN|level=AT_SUPPORT|event=FALSE_BREAK,state=SWEEP_OR_FALSE_BREAK|energy=LOW|align=MIXED/DOWN|level=AT_SUPPORT|event=FALSE_BREAK,SWEEP_OR_FALSE_BREAK,SWEEP_OR_FALSE_BREAK,FALSE_BREAK,FALSE_BREAK,56,1304,0.04294478527607362
state=SWEEP_OR_FALSE_BREAK|energy=LOW|align=MIXED/UP|level=AT_RESISTANCE|event=FALSE_BREAK,state=SWEEP_OR_FALSE_BREAK|energy=LOW|align=NONE/MIXED|level=AT_SUPPORT|event=FALSE_BREAK,SWEEP_OR_FALSE_BREAK,SWEEP_OR_FALSE_BREAK,FALSE_BREAK,FALSE_BREAK,82,1910,0.04293193717277487
state=ACCEPTED_BREAKOUT|energy=HIGH|align=FULL/UP|level=AT_RESISTANCE|event=BREAKOUT,state=SWEEP_OR_FALSE_BREAK|energy=MEDIUM|align=FULL/UP|level=AT_RESISTANCE|event=FALSE_BREAK,ACCEPTED_BREAKOUT,SWEEP_OR_FALSE_BREAK,BREAKOUT,FALSE_BREAK,37,866,0.042725173210161664
state=ACCEPTED_BREAKOUT|energy=HIGH|align=FULL/DOWN|level=AT_SUPPORT|event=BREAKOUT,state=SWEEP_OR_FALSE_BREAK|energy=HIGH|align=FULL/DOWN|level=AT_SUPPORT|event=FALSE_BREAK,ACCEPTED_BREAKOUT,SWEEP_OR_FALSE_BREAK,BREAKOUT,FALSE_BREAK,32,749,0.042723631508678236
state=NORMAL_FLOW|energy=MEDIUM|align=MIXED/DOWN|level=AT_SUPPORT|event=BREAKOUT,state=SWEEP_OR_FALSE_BREAK|energy=MEDIUM|align=NONE/MIXED|level=AT_SUPPORT|event=FALSE_BREAK,NORMAL_FLOW,SWEEP_OR_FALSE_BREAK,BREAKOUT,FALSE_BREAK,50,1203,0.04156275976724855
state=NORMAL_FLOW|energy=MEDIUM|align=FULL/DOWN|level=AT_SUPPORT|event=BREAKOUT,state=NORMAL_FLOW|energy=LOW|align=FULL/DOWN|level=AT_SUPPORT|event=BREAKOUT,NORMAL_FLOW,NORMAL_FLOW,BREAKOUT,BREAKOUT,54,1304,0.04141104294478527
state=NORMAL_FLOW|energy=MEDIUM|align=FULL/DOWN|level=AT_SUPPORT|event=BREAKOUT,state=SWEEP_OR_FALSE_BREAK|energy=MEDIUM|align=FULL/DOWN|level=AT_SUPPORT|event=FALSE_BREAK,NORMAL_FLOW,SWEEP_OR_FALSE_BREAK,BREAKOUT,FALSE_BREAK,54,1304,0.04141104294478527
state=SWEEP_OR_FALSE_BREAK|energy=MEDIUM|align=FULL/UP|level=AT_RESISTANCE|event=FALSE_BREAK,state=NORMAL_FLOW|energy=LOW|align=FULL/UP|level=AT_RESISTANCE|event=BREAKOUT,SWEEP_OR_FALSE_BREAK,NORMAL_FLOW,FALSE_BREAK,BREAKOUT,45,1087,0.04139834406623735
state=ACCEPTED_BREAKOUT|energy=HIGH|align=FULL/DOWN|level=AT_SUPPORT|event=BREAKOUT,state=ACCEPTED_BREAKOUT|energy=EXTREME|align=FULL/DOWN|level=AT_SUPPORT|event=BREAKOUT,ACCEPTED_BREAKOUT,ACCEPTED_BREAKOUT,BREAKOUT,BREAKOUT,31,749,0.04138851802403204
state=ACCEPTED_BREAKOUT|energy=HIGH|align=FULL/DOWN|level=AT_SUPPORT|event=BREAKOUT,state=SWEEP_OR_FALSE_BREAK|energy=MEDIUM|align=FULL/DOWN|level=AT_SUPPORT|event=FALSE_BREAK,ACCEPTED_BREAKOUT,SWEEP_OR_FALSE_BREAK,BREAKOUT,FALSE_BREAK,31,749,0.04138851802403204
state=SWEEP_OR_FALSE_BREAK|energy=LOW|align=MIXED/DOWN|level=AT_RESISTANCE|event=FALSE_BREAK,state=NORMAL_FLOW|energy=MEDIUM|align=MIXED/DOWN|level=AT_SUPPORT|event=BREAKOUT,SWEEP_OR_FALSE_BREAK,NORMAL_FLOW,FALSE_BREAK,BREAKOUT,44,1078,0.04081632653061224
state=SWEEP_OR_FALSE_BREAK|energy=LOW|align=MIXED/DOWN|level=AT_RESISTANCE|event=FALSE_BREAK,state=SWEEP_OR_FALSE_BREAK|energy=LOW|align=NONE/MIXED|level=AT_RESISTANCE|event=FALSE_BREAK,SWEEP_OR_FALSE_BREAK,SWEEP_OR_FALSE_BREAK,FALSE_BREAK,FALSE_BREAK,44,1078,0.04081632653061224
state=NORMAL_FLOW|energy=LOW|align=FULL/UP|level=AT_RESISTANCE|event=BREAKOUT,state=LOW_RANGE|energy=LOW|align=FULL/UP|level=AT_RESISTANCE|event=BREAKOUT,NORMAL_FLOW,LOW_RANGE,BREAKOUT,BREAKOUT,41,1017,0.04031465093411996
state=SWEEP_OR_FALSE_BREAK|energy=LOW|align=NONE/MIXED|level=AT_RESISTANCE|event=FALSE_BREAK,state=SWEEP_OR_FALSE_BREAK|energy=LOW|align=MIXED/UP|level=AT_RESISTANCE|event=FALSE_BREAK,SWEEP_OR_FALSE_BREAK,SWEEP_OR_FALSE_BREAK,FALSE_BREAK,FALSE_BREAK,66,1659,0.039783001808318265
state=SWEEP_OR_FALSE_BREAK|energy=MEDIUM|align=NONE/MIXED|level=AT_RESISTANCE|event=FALSE_BREAK,state=SWEEP_OR_FALSE_BREAK|energy=MEDIUM|align=MIXED/DOWN|level=AT_SUPPORT|event=FALSE_BREAK,SWEEP_OR_FALSE_BREAK,SWEEP_OR_FALSE_BREAK,FALSE_BREAK,FALSE_BREAK,52,1315,0.03954372623574144
state=SWEEP_OR_FALSE_BREAK|energy=LOW|align=MIXED/UP|level=AT_SUPPORT|event=FALSE_BREAK,state=SWEEP_OR_FALSE_BREAK|energy=LOW|align=MIXED/UP|level=AT_RESISTANCE|event=FALSE_BREAK,SWEEP_OR_FALSE_BREAK,SWEEP_OR_FALSE_BREAK,FALSE_BREAK,FALSE_BREAK,33,842,0.039192399049881234
state=NORMAL_FLOW|energy=MEDIUM|align=MIXED/DOWN|level=AT_SUPPORT|event=BREAKOUT,state=SWEEP_OR_FALSE_BREAK|energy=LOW|align=MIXED/DOWN|level=AT_SUPPORT|event=FALSE_BREAK,NORMAL_FLOW,SWEEP_OR_FALSE_BREAK,BREAKOUT,FALSE_BREAK,47,1203,0.03906899418121363
state=SWEEP_OR_FALSE_BREAK|energy=MEDIUM|align=FULL/DOWN|level=AT_SUPPORT|event=FALSE_BREAK,state=EXPANSION|energy=HIGH|align=FULL/DOWN|level=AT_SUPPORT|event=BREAKOUT,SWEEP_OR_FALSE_BREAK,EXPANSION,FALSE_BREAK,BREAKOUT,36,928,0.03879310344827586
state=NORMAL_FLOW|energy=MEDIUM|align=FULL/UP|level=AT_RESISTANCE|event=BREAKOUT,state=SWEEP_OR_FALSE_BREAK|energy=LOW|align=FULL/UP|level=AT_RESISTANCE|event=FALSE_BREAK,NORMAL_FLOW,SWEEP_OR_FALSE_BREAK,BREAKOUT,FALSE_BREAK,79,2047,0.03859306301905227
state=SWEEP_OR_FALSE_BREAK|energy=LOW|align=FULL/UP|level=AT_RESISTANCE|event=FALSE_BREAK,state=SWEEP_OR_FALSE_BREAK|energy=LOW|align=MIXED/UP|level=AT_SUPPORT|event=FALSE_BREAK,SWEEP_OR_FALSE_BREAK,SWEEP_OR_FALSE_BREAK,FALSE_BREAK,FALSE_BREAK,45,1169,0.03849443969204448
state=SWEEP_OR_FALSE_BREAK|energy=LOW|align=NONE/MIXED|level=AT_SUPPORT|event=FALSE_BREAK,state=SWEEP_OR_FALSE_BREAK|energy=LOW|align=NONE/MIXED|level=AT_SUPPORT|event=FALSE_BREAK,SWEEP_OR_FALSE_BREAK,SWEEP_OR_FALSE_BREAK,FALSE_BREAK,FALSE_BREAK,53,1382,0.03835021707670044
state=SWEEP_OR_FALSE_BREAK|energy=LOW|align=NONE/MIXED|level=AT_RESISTANCE|event=FALSE_BREAK,state=SWEEP_OR_FALSE_BREAK|energy=LOW|align=NONE/MIXED|level=AT_RESISTANCE|event=FALSE_BREAK,SWEEP_OR_FALSE_BREAK,SWEEP_OR_FALSE_BREAK,FALSE_BREAK,FALSE_BREAK,63,1659,0.0379746835443038
state=SWEEP_OR_FALSE_BREAK|energy=MEDIUM|align=MIXED/UP|level=AT_RESISTANCE|event=FALSE_BREAK,state=SWEEP_OR_FALSE_BREAK|energy=MEDIUM|align=FULL/UP|level=AT_RESISTANCE|event=FALSE_BREAK,SWEEP_OR_FALSE_BREAK,SWEEP_OR_FALSE_BREAK,FALSE_BREAK,FALSE_BREAK,60,1580,0.0379746835443038
state=SWEEP_OR_FALSE_BREAK|energy=MEDIUM|align=FULL/DOWN|level=AT_SUPPORT|event=FALSE_BREAK,state=SWEEP_OR_FALSE_BREAK|energy=MEDIUM|align=MIXED/DOWN|level=AT_RESISTANCE|event=FALSE_BREAK,SWEEP_OR_FALSE_BREAK,SWEEP_OR_FALSE_BREAK,FALSE_BREAK,FALSE_BREAK,35,928,0.03771551724137931
state=SWEEP_OR_FALSE_BREAK|energy=LOW|align=FULL/UP|level=AT_RESISTANCE|event=FALSE_BREAK,state=SWEEP_OR_FALSE_BREAK|energy=MEDIUM|align=FULL/UP|level=AT_RESISTANCE|event=FALSE_BREAK,SWEEP_OR_FALSE_BREAK,SWEEP_OR_FALSE_BREAK,FALSE_BREAK,FALSE_BREAK,44,1169,0.037639007698887936
state=SWEEP_OR_FALSE_BREAK|energy=MEDIUM|align=MIXED/UP|level=AT_RESISTANCE|event=FALSE_BREAK,state=SWEEP_OR_FALSE_BREAK|energy=MEDIUM|align=NONE/MIXED|level=AT_SUPPORT|event=FALSE_BREAK,SWEEP_OR_FALSE_BREAK,SWEEP_OR_FALSE_BREAK,FALSE_BREAK,FALSE_BREAK,59,1580,0.03734177215189873
state=NORMAL_FLOW|energy=MEDIUM|align=NONE/MIXED|level=AT_SUPPORT|event=BREAKOUT,state=SWEEP_OR_FALSE_BREAK|energy=LOW|align=NONE/MIXED|level=AT_SUPPORT|event=FALSE_BREAK,NORMAL_FLOW,SWEEP_OR_FALSE_BREAK,BREAKOUT,FALSE_BREAK,32,858,0.037296037296037296
state=NORMAL_FLOW|energy=MEDIUM|align=FULL/DOWN|level=AT_SUPPORT|event=BREAKOUT,state=ACCEPTED_BREAKOUT|energy=HIGH|align=FULL/DOWN|level=AT_SUPPORT|event=BREAKOUT,NORMAL_FLOW,ACCEPTED_BREAKOUT,BREAKOUT,BREAKOUT,48,1304,0.03680981595092025
state=SWEEP_OR_FALSE_BREAK|energy=LOW|align=MIXED/UP|level=AT_RESISTANCE|event=FALSE_BREAK,state=NORMAL_FLOW|energy=MEDIUM|align=MIXED/UP|level=AT_RESISTANCE|event=BREAKOUT,SWEEP_OR_FALSE_BREAK,NORMAL_FLOW,FALSE_BREAK,BREAKOUT,70,1910,0.03664921465968586
state=SWEEP_OR_FALSE_BREAK|energy=MEDIUM|align=FULL/DOWN|level=AT_SUPPORT|event=FALSE_BREAK,state=ACCEPTED_BREAKOUT|energy=HIGH|align=FULL/DOWN|level=AT_SUPPORT|event=BREAKOUT,SWEEP_OR_FALSE_BREAK,ACCEPTED_BREAKOUT,FALSE_BREAK,BREAKOUT,34,928,0.036637931034482756
state=SWEEP_OR_FALSE_BREAK|energy=MEDIUM|align=MIXED/DOWN|level=AT_RESISTANCE|event=FALSE_BREAK,state=NORMAL_FLOW|energy=HIGH|align=FULL/DOWN|level=AT_SUPPORT|event=BREAKOUT,SWEEP_OR_FALSE_BREAK,NORMAL_FLOW,FALSE_BREAK,BREAKOUT,30,823,0.03645200486026731
state=SWEEP_OR_FALSE_BREAK|energy=LOW|align=NONE/MIXED|level=AT_SUPPORT|event=FALSE_BREAK,state=SWEEP_OR_FALSE_BREAK|energy=LOW|align=NONE/MIXED|level=AT_RESISTANCE|event=FALSE_BREAK,SWEEP_OR_FALSE_BREAK,SWEEP_OR_FALSE_BREAK,FALSE_BREAK,FALSE_BREAK,50,1382,0.0361794500723589
state=ACCEPTED_BREAKOUT|energy=HIGH|align=FULL/UP|level=AT_RESISTANCE|event=BREAKOUT,state=ACCEPTED_BREAKOUT|energy=MEDIUM|align=FULL/UP|level=AT_RESISTANCE|event=BREAKOUT,ACCEPTED_BREAKOUT,ACCEPTED_BREAKOUT,BREAKOUT,BREAKOUT,31,866,0.03579676674364896
state=NORMAL_FLOW|energy=MEDIUM|align=MIXED/DOWN|level=AT_SUPPORT|event=BREAKOUT,state=SWEEP_OR_FALSE_BREAK|energy=MEDIUM|align=MIXED/DOWN|level=AT_SUPPORT|event=FALSE_BREAK,NORMAL_FLOW,SWEEP_OR_FALSE_BREAK,BREAKOUT,FALSE_BREAK,43,1203,0.03574397339983375
state=SWEEP_OR_FALSE_BREAK|energy=MEDIUM|align=MIXED/DOWN|level=AT_SUPPORT|event=FALSE_BREAK,state=NORMAL_FLOW|energy=MEDIUM|align=MIXED/DOWN|level=AT_SUPPORT|event=BREAKOUT,SWEEP_OR_FALSE_BREAK,NORMAL_FLOW,FALSE_BREAK,BREAKOUT,48,1353,0.03547671840354767
state=NORMAL_FLOW|energy=MEDIUM|align=NONE/MIXED|level=AT_SUPPORT|event=BREAKOUT,state=NORMAL_FLOW|energy=MEDIUM|align=NONE/MIXED|level=AT_SUPPORT|event=BREAKOUT,NORMAL_FLOW,NORMAL_FLOW,BREAKOUT,BREAKOUT,30,858,0.03496503496503497
state=SWEEP_OR_FALSE_BREAK|energy=LOW|align=NONE/MIXED|level=AT_RESISTANCE|event=FALSE_BREAK,state=NORMAL_FLOW|energy=MEDIUM|align=MIXED/DOWN|level=AT_SUPPORT|event=BREAKOUT,SWEEP_OR_FALSE_BREAK,NORMAL_FLOW,FALSE_BREAK,BREAKOUT,58,1659,0.03496081977094635
state=SWEEP_OR_FALSE_BREAK|energy=MEDIUM|align=FULL/UP|level=AT_RESISTANCE|event=FALSE_BREAK,state=ACCEPTED_BREAKOUT|energy=HIGH|align=FULL/UP|level=AT_RESISTANCE|event=BREAKOUT,SWEEP_OR_FALSE_BREAK,ACCEPTED_BREAKOUT,FALSE_BREAK,BREAKOUT,38,1087,0.034958601655933765
state=SWEEP_OR_FALSE_BREAK|energy=MEDIUM|align=NONE/MIXED|level=AT_SUPPORT|event=FALSE_BREAK,state=NORMAL_FLOW|energy=MEDIUM|align=MIXED/UP|level=AT_RESISTANCE|event=BREAKOUT,SWEEP_OR_FALSE_BREAK,NORMAL_FLOW,FALSE_BREAK,BREAKOUT,43,1235,0.034817813765182185
state=NORMAL_FLOW|energy=MEDIUM|align=MIXED/UP|level=AT_RESISTANCE|event=BREAKOUT,state=NORMAL_FLOW|energy=LOW|align=MIXED/UP|level=AT_RESISTANCE|event=BREAKOUT,NORMAL_FLOW,NORMAL_FLOW,BREAKOUT,BREAKOUT,49,1412,0.034702549575070823
state=NORMAL_FLOW|energy=MEDIUM|align=FULL/UP|level=AT_RESISTANCE|event=BREAKOUT,state=LOW_RANGE|energy=LOW|align=FULL/UP|level=AT_RESISTANCE|event=BREAKOUT,NORMAL_FLOW,LOW_RANGE,BREAKOUT,BREAKOUT,71,2047,0.034684904738641914
state=SWEEP_OR_FALSE_BREAK|energy=MEDIUM|align=FULL/UP|level=AT_RESISTANCE|event=FALSE_BREAK,state=SWEEP_OR_FALSE_BREAK|energy=MEDIUM|align=MIXED/UP|level=AT_SUPPORT|event=FALSE_BREAK,SWEEP_OR_FALSE_BREAK,SWEEP_OR_FALSE_BREAK,FALSE_BREAK,FALSE_BREAK,37,1087,0.03403863845446182
state=SWEEP_OR_FALSE_BREAK|energy=MEDIUM|align=MIXED/DOWN|level=AT_SUPPORT|event=FALSE_BREAK,state=SWEEP_OR_FALSE_BREAK|energy=MEDIUM|align=NONE/MIXED|level=AT_RESISTANCE|event=FALSE_BREAK,SWEEP_OR_FALSE_BREAK,SWEEP_OR_FALSE_BREAK,FALSE_BREAK,FALSE_BREAK,46,1353,0.03399852180339985
state=SWEEP_OR_FALSE_BREAK|energy=LOW|align=MIXED/DOWN|level=AT_RESISTANCE|event=FALSE_BREAK,state=SWEEP_OR_FALSE_BREAK|energy=LOW|align=MIXED/DOWN|level=AT_RESISTANCE|event=FALSE_BREAK,SWEEP_OR_FALSE_BREAK,SWEEP_OR_FALSE_BREAK,FALSE_BREAK,FALSE_BREAK,36,1078,0.03339517625231911
state=SWEEP_OR_FALSE_BREAK|energy=LOW|align=NONE/MIXED|level=AT_SUPPORT|event=FALSE_BREAK,state=NORMAL_FLOW|energy=MEDIUM|align=MIXED/UP|level=AT_RESISTANCE|event=BREAKOUT,SWEEP_OR_FALSE_BREAK,NORMAL_FLOW,FALSE_BREAK,BREAKOUT,46,1382,0.03328509406657019
state=SWEEP_OR_FALSE_BREAK|energy=LOW|align=NONE/MIXED|level=AT_SUPPORT|event=FALSE_BREAK,state=SWEEP_OR_FALSE_BREAK|energy=MEDIUM|align=MIXED/UP|level=AT_RESISTANCE|event=FALSE_BREAK,SWEEP_OR_FALSE_BREAK,SWEEP_OR_FALSE_BREAK,FALSE_BREAK,FALSE_BREAK,46,1382,0.03328509406657019
state=SWEEP_OR_FALSE_BREAK|energy=MEDIUM|align=NONE/MIXED|level=AT_SUPPORT|event=FALSE_BREAK,state=SWEEP_OR_FALSE_BREAK|energy=MEDIUM|align=MIXED/UP|level=AT_RESISTANCE|event=FALSE_BREAK,SWEEP_OR_FALSE_BREAK,SWEEP_OR_FALSE_BREAK,FALSE_BREAK,FALSE_BREAK,41,1235,0.03319838056680162
state=SWEEP_OR_FALSE_BREAK|energy=LOW|align=NONE/MIXED|level=AT_RESISTANCE|event=FALSE_BREAK,state=SWEEP_OR_FALSE_BREAK|energy=LOW|align=NONE/MIXED|level=AT_SUPPORT|event=FALSE_BREAK,SWEEP_OR_FALSE_BREAK,SWEEP_OR_FALSE_BREAK,FALSE_BREAK,FALSE_BREAK,55,1659,0.033152501506931886
state=SWEEP_OR_FALSE_BREAK|energy=MEDIUM|align=MIXED/UP|level=AT_RESISTANCE|event=FALSE_BREAK,state=SWEEP_OR_FALSE_BREAK|energy=MEDIUM|align=MIXED/UP|level=AT_RESISTANCE|event=FALSE_BREAK,SWEEP_OR_FALSE_BREAK,SWEEP_OR_FALSE_BREAK,FALSE_BREAK,FALSE_BREAK,52,1580,0.03291139240506329
state=NORMAL_FLOW|energy=MEDIUM|align=MIXED/UP|level=AT_RESISTANCE|event=BREAKOUT,state=SWEEP_OR_FALSE_BREAK|energy=MEDIUM|align=NONE/MIXED|level=AT_RESISTANCE|event=FALSE_BREAK,NORMAL_FLOW,SWEEP_OR_FALSE_BREAK,BREAKOUT,FALSE_BREAK,46,1412,0.032577903682719546
state=SWEEP_OR_FALSE_BREAK|energy=MEDIUM|align=MIXED/DOWN|level=AT_SUPPORT|event=FALSE_BREAK,state=SWEEP_OR_FALSE_BREAK|energy=LOW|align=MIXED/DOWN|level=AT_SUPPORT|event=FALSE_BREAK,SWEEP_OR_FALSE_BREAK,SWEEP_OR_FALSE_BREAK,FALSE_BREAK,FALSE_BREAK,44,1353,0.032520325203252036
state=NORMAL_FLOW|energy=MEDIUM|align=MIXED/DOWN|level=AT_SUPPORT|event=BREAKOUT,state=NORMAL_FLOW|energy=HIGH|align=MIXED/DOWN|level=AT_SUPPORT|event=BREAKOUT,NORMAL_FLOW,NORMAL_FLOW,BREAKOUT,BREAKOUT,39,1203,0.032418952618453865
state=SWEEP_OR_FALSE_BREAK|energy=MEDIUM|align=FULL/UP|level=AT_RESISTANCE|event=FALSE_BREAK,state=EXPANSION|energy=HIGH|align=FULL/UP|level=AT_RESISTANCE|event=BREAKOUT,SWEEP_OR_FALSE_BREAK,EXPANSION,FALSE_BREAK,BREAKOUT,35,1087,0.03219871205151794
state=SWEEP_OR_FALSE_BREAK|energy=MEDIUM|align=NONE/MIXED|level=AT_RESISTANCE|event=FALSE_BREAK,state=NORMAL_FLOW|energy=MEDIUM|align=NONE/MIXED|level=AT_RESISTANCE|event=BREAKOUT,SWEEP_OR_FALSE_BREAK,NORMAL_FLOW,FALSE_BREAK,BREAKOUT,42,1315,0.03193916349809886
state=SWEEP_OR_FALSE_BREAK|energy=LOW|align=NONE/MIXED|level=AT_SUPPORT|event=FALSE_BREAK,state=NORMAL_FLOW|energy=MEDIUM|align=NONE/MIXED|level=AT_SUPPORT|event=BREAKOUT,SWEEP_OR_FALSE_BREAK,NORMAL_FLOW,FALSE_BREAK,BREAKOUT,44,1382,0.03183791606367583
state=SWEEP_OR_FALSE_BREAK|energy=LOW|align=MIXED/DOWN|level=AT_SUPPORT|event=FALSE_BREAK,state=NORMAL_FLOW|energy=LOW|align=MIXED/DOWN|level=AT_SUPPORT|event=BREAKOUT,SWEEP_OR_FALSE_BREAK,NORMAL_FLOW,FALSE_BREAK,BREAKOUT,41,1304,0.03144171779141104
state=SWEEP_OR_FALSE_BREAK|energy=MEDIUM|align=MIXED/UP|level=AT_RESISTANCE|event=FALSE_BREAK,state=SWEEP_OR_FALSE_BREAK|energy=LOW|align=MIXED/UP|level=AT_RESISTANCE|event=FALSE_BREAK,SWEEP_OR_FALSE_BREAK,SWEEP_OR_FALSE_BREAK,FALSE_BREAK,FALSE_BREAK,49,1580,0.0310126582278481
state=SWEEP_OR_FALSE_BREAK|energy=LOW|align=MIXED/UP|level=AT_RESISTANCE|event=FALSE_BREAK,state=NORMAL_FLOW|energy=MEDIUM|align=NONE/MIXED|level=AT_SUPPORT|event=BREAKOUT,SWEEP_OR_FALSE_BREAK,NORMAL_FLOW,FALSE_BREAK,BREAKOUT,59,1910,0.030890052356020943
state=SWEEP_OR_FALSE_BREAK|energy=LOW|align=MIXED/DOWN|level=AT_RESISTANCE|event=FALSE_BREAK,state=NORMAL_FLOW|energy=LOW|align=FULL/DOWN|level=AT_SUPPORT|event=BREAKOUT,SWEEP_OR_FALSE_BREAK,NORMAL_FLOW,FALSE_BREAK,BREAKOUT,33,1078,0.030612244897959183
state=SWEEP_OR_FALSE_BREAK|energy=MEDIUM|align=NONE/MIXED|level=AT_RESISTANCE|event=FALSE_BREAK,state=SWEEP_OR_FALSE_BREAK|energy=LOW|align=NONE/MIXED|level=AT_RESISTANCE|event=FALSE_BREAK,SWEEP_OR_FALSE_BREAK,SWEEP_OR_FALSE_BREAK,FALSE_BREAK,FALSE_BREAK,40,1315,0.030418250950570342
state=NORMAL_FLOW|energy=HIGH|align=FULL/UP|level=AT_RESISTANCE|event=BREAKOUT,state=SWEEP_OR_FALSE_BREAK|energy=MEDIUM|align=MIXED/UP|level=NEAR_RESISTANCE|event=FALSE_BREAK,NORMAL_FLOW,SWEEP_OR_FALSE_BREAK,BREAKOUT,FALSE_BREAK,31,1035,0.02995169082125604
state=NORMAL_FLOW|energy=MEDIUM|align=MIXED/DOWN|level=AT_SUPPORT|event=BREAKOUT,state=SWEEP_OR_FALSE_BREAK|energy=MEDIUM|align=NONE/MIXED|level=NEAR_RESISTANCE|event=FALSE_BREAK,NORMAL_FLOW,SWEEP_OR_FALSE_BREAK,BREAKOUT,FALSE_BREAK,36,1203,0.029925187032418952
state=SWEEP_OR_FALSE_BREAK|energy=LOW|align=MIXED/DOWN|level=AT_RESISTANCE|event=FALSE_BREAK,state=SWEEP_OR_FALSE_BREAK|energy=MEDIUM|align=FULL/DOWN|level=AT_SUPPORT|event=FALSE_BREAK,SWEEP_OR_FALSE_BREAK,SWEEP_OR_FALSE_BREAK,FALSE_BREAK,FALSE_BREAK,32,1078,0.029684601113172542
state=SWEEP_OR_FALSE_BREAK|energy=LOW|align=NONE/MIXED|level=AT_RESISTANCE|event=FALSE_BREAK,state=SWEEP_OR_FALSE_BREAK|energy=LOW|align=MIXED/DOWN|level=AT_RESISTANCE|event=FALSE_BREAK,SWEEP_OR_FALSE_BREAK,SWEEP_OR_FALSE_BREAK,FALSE_BREAK,FALSE_BREAK,49,1659,0.029535864978902954
state=NORMAL_FLOW|energy=MEDIUM|align=FULL/UP|level=AT_RESISTANCE|event=BREAKOUT,state=SWEEP_OR_FALSE_BREAK|energy=MEDIUM|align=FULL/UP|level=AT_RESISTANCE|event=FALSE_BREAK,NORMAL_FLOW,SWEEP_OR_FALSE_BREAK,BREAKOUT,FALSE_BREAK,60,2047,0.029311187103077674
state=SWEEP_OR_FALSE_BREAK|energy=MEDIUM|align=NONE/MIXED|level=AT_SUPPORT|event=FALSE_BREAK,state=NORMAL_FLOW|energy=MEDIUM|align=NONE/MIXED|level=AT_SUPPORT|event=BREAKOUT,SWEEP_OR_FALSE_BREAK,NORMAL_FLOW,FALSE_BREAK,BREAKOUT,36,1235,0.029149797570850202
state=SWEEP_OR_FALSE_BREAK|energy=MEDIUM|align=NONE/MIXED|level=AT_SUPPORT|event=FALSE_BREAK,state=SWEEP_OR_FALSE_BREAK|energy=MEDIUM|align=NONE/MIXED|level=AT_SUPPORT|event=FALSE_BREAK,SWEEP_OR_FALSE_BREAK,SWEEP_OR_FALSE_BREAK,FALSE_BREAK,FALSE_BREAK,36,1235,0.029149797570850202
state=SWEEP_OR_FALSE_BREAK|energy=LOW|align=MIXED/DOWN|level=AT_SUPPORT|event=FALSE_BREAK,state=SWEEP_OR_FALSE_BREAK|energy=MEDIUM|align=MIXED/DOWN|level=AT_SUPPORT|event=FALSE_BREAK,SWEEP_OR_FALSE_BREAK,SWEEP_OR_FALSE_BREAK,FALSE_BREAK,FALSE_BREAK,38,1304,0.029141104294478526
state=NORMAL_FLOW|energy=MEDIUM|align=MIXED/DOWN|level=AT_SUPPORT|event=BREAKOUT,state=NORMAL_FLOW|energy=LOW|align=MIXED/DOWN|level=AT_SUPPORT|event=BREAKOUT,NORMAL_FLOW,NORMAL_FLOW,BREAKOUT,BREAKOUT,35,1203,0.029093931837073983
state=NORMAL_FLOW|energy=HIGH|align=FULL/UP|level=AT_RESISTANCE|event=BREAKOUT,state=SWEEP_OR_FALSE_BREAK|energy=MEDIUM|align=FULL/UP|level=AT_RESISTANCE|event=FALSE_BREAK,NORMAL_FLOW,SWEEP_OR_FALSE_BREAK,BREAKOUT,FALSE_BREAK,30,1035,0.028985507246376812
state=SWEEP_OR_FALSE_BREAK|energy=MEDIUM|align=NONE/MIXED|level=AT_RESISTANCE|event=FALSE_BREAK,state=NORMAL_FLOW|energy=MEDIUM|align=MIXED/DOWN|level=AT_SUPPORT|event=BREAKOUT,SWEEP_OR_FALSE_BREAK,NORMAL_FLOW,FALSE_BREAK,BREAKOUT,38,1315,0.028897338403041824
state=SWEEP_OR_FALSE_BREAK|energy=MEDIUM|align=NONE/MIXED|level=AT_RESISTANCE|event=FALSE_BREAK,state=SWEEP_OR_FALSE_BREAK|energy=MEDIUM|align=NONE/MIXED|level=AT_RESISTANCE|event=FALSE_BREAK,SWEEP_OR_FALSE_BREAK,SWEEP_OR_FALSE_BREAK,FALSE_BREAK,FALSE_BREAK,38,1315,0.028897338403041824
state=SWEEP_OR_FALSE_BREAK|energy=LOW|align=MIXED/DOWN|level=AT_RESISTANCE|event=FALSE_BREAK,state=SWEEP_OR_FALSE_BREAK|energy=LOW|align=FULL/DOWN|level=AT_SUPPORT|event=FALSE_BREAK,SWEEP_OR_FALSE_BREAK,SWEEP_OR_FALSE_BREAK,FALSE_BREAK,FALSE_BREAK,31,1078,0.0287569573283859
state=NORMAL_FLOW|energy=MEDIUM|align=MIXED/UP|level=AT_RESISTANCE|event=BREAKOUT,state=NORMAL_FLOW|energy=MEDIUM|align=NONE/MIXED|level=AT_SUPPORT|event=BREAKOUT,NORMAL_FLOW,NORMAL_FLOW,BREAKOUT,BREAKOUT,40,1412,0.028328611898016998
state=SWEEP_OR_FALSE_BREAK|energy=MEDIUM|align=NONE/MIXED|level=AT_RESISTANCE|event=FALSE_BREAK,state=SWEEP_OR_FALSE_BREAK|energy=MEDIUM|align=MIXED/UP|level=AT_RESISTANCE|event=FALSE_BREAK,SWEEP_OR_FALSE_BREAK,SWEEP_OR_FALSE_BREAK,FALSE_BREAK,FALSE_BREAK,37,1315,0.028136882129277566
state=SWEEP_OR_FALSE_BREAK|energy=LOW|align=MIXED/DOWN|level=AT_RESISTANCE|event=FALSE_BREAK,state=NORMAL_FLOW|energy=LOW|align=MIXED/DOWN|level=AT_SUPPORT|event=BREAKOUT,SWEEP_OR_FALSE_BREAK,NORMAL_FLOW,FALSE_BREAK,BREAKOUT,30,1078,0.027829313543599257
state=SWEEP_OR_FALSE_BREAK|energy=LOW|align=MIXED/DOWN|level=AT_SUPPORT|event=FALSE_BREAK,state=SWEEP_OR_FALSE_BREAK|energy=LOW|align=MIXED/DOWN|level=AT_RESISTANCE|event=FALSE_BREAK,SWEEP_OR_FALSE_BREAK,SWEEP_OR_FALSE_BREAK,FALSE_BREAK,FALSE_BREAK,36,1304,0.027607361963190184
state=SWEEP_OR_FALSE_BREAK|energy=MEDIUM|align=FULL/UP|level=AT_RESISTANCE|event=FALSE_BREAK,state=SWEEP_OR_FALSE_BREAK|energy=LOW|align=MIXED/UP|level=AT_RESISTANCE|event=FALSE_BREAK,SWEEP_OR_FALSE_BREAK,SWEEP_OR_FALSE_BREAK,FALSE_BREAK,FALSE_BREAK,30,1087,0.027598896044158234
state=NORMAL_FLOW|energy=MEDIUM|align=MIXED/UP|level=AT_RESISTANCE|event=BREAKOUT,state=NORMAL_FLOW|energy=HIGH|align=MIXED/UP|level=AT_RESISTANCE|event=BREAKOUT,NORMAL_FLOW,NORMAL_FLOW,BREAKOUT,BREAKOUT,38,1412,0.026912181303116147
state=NORMAL_FLOW|energy=MEDIUM|align=FULL/UP|level=AT_RESISTANCE|event=BREAKOUT,state=SWEEP_OR_FALSE_BREAK|energy=MEDIUM|align=MIXED/UP|level=AT_SUPPORT|event=FALSE_BREAK,NORMAL_FLOW,SWEEP_OR_FALSE_BREAK,BREAKOUT,FALSE_BREAK,55,2047,0.0268685881778212
state=NORMAL_FLOW|energy=MEDIUM|align=FULL/DOWN|level=AT_SUPPORT|event=BREAKOUT,state=SWEEP_OR_FALSE_BREAK|energy=MEDIUM|align=MIXED/DOWN|level=AT_SUPPORT|event=FALSE_BREAK,NORMAL_FLOW,SWEEP_OR_FALSE_BREAK,BREAKOUT,FALSE_BREAK,35,1304,0.026840490797546013
state=SWEEP_OR_FALSE_BREAK|energy=MEDIUM|align=NONE/MIXED|level=AT_RESISTANCE|event=FALSE_BREAK,state=SWEEP_OR_FALSE_BREAK|energy=MEDIUM|align=NONE/MIXED|level=AT_SUPPORT|event=FALSE_BREAK,SWEEP_OR_FALSE_BREAK,SWEEP_OR_FALSE_BREAK,FALSE_BREAK,FALSE_BREAK,35,1315,0.026615969581749048
state=SWEEP_OR_FALSE_BREAK|energy=LOW|align=FULL/UP|level=AT_RESISTANCE|event=FALSE_BREAK,state=LOW_RANGE|energy=LOW|align=FULL/UP|level=AT_RESISTANCE|event=BREAKOUT,SWEEP_OR_FALSE_BREAK,LOW_RANGE,FALSE_BREAK,BREAKOUT,31,1169,0.026518391787852865
state=SWEEP_OR_FALSE_BREAK|energy=LOW|align=MIXED/UP|level=AT_RESISTANCE|event=FALSE_BREAK,state=NORMAL_FLOW|energy=MEDIUM|align=FULL/UP|level=AT_RESISTANCE|event=BREAKOUT,SWEEP_OR_FALSE_BREAK,NORMAL_FLOW,FALSE_BREAK,BREAKOUT,50,1910,0.02617801047120419
state=SWEEP_OR_FALSE_BREAK|energy=LOW|align=MIXED/DOWN|level=AT_SUPPORT|event=FALSE_BREAK,state=SWEEP_OR_FALSE_BREAK|energy=LOW|align=FULL/DOWN|level=AT_SUPPORT|event=FALSE_BREAK,SWEEP_OR_FALSE_BREAK,SWEEP_OR_FALSE_BREAK,FALSE_BREAK,FALSE_BREAK,34,1304,0.02607361963190184
state=SWEEP_OR_FALSE_BREAK|energy=MEDIUM|align=MIXED/UP|level=AT_RESISTANCE|event=FALSE_BREAK,state=SWEEP_OR_FALSE_BREAK|energy=LOW|align=NONE/MIXED|level=AT_RESISTANCE|event=FALSE_BREAK,SWEEP_OR_FALSE_BREAK,SWEEP_OR_FALSE_BREAK,FALSE_BREAK,FALSE_BREAK,41,1580,0.025949367088607594
state=SWEEP_OR_FALSE_BREAK|energy=LOW|align=NONE/MIXED|level=AT_RESISTANCE|event=FALSE_BREAK,state=SWEEP_OR_FALSE_BREAK|energy=MEDIUM|align=MIXED/UP|level=AT_RESISTANCE|event=FALSE_BREAK,SWEEP_OR_FALSE_BREAK,SWEEP_OR_FALSE_BREAK,FALSE_BREAK,FALSE_BREAK,42,1659,0.02531645569620253
state=SWEEP_OR_FALSE_BREAK|energy=LOW|align=MIXED/DOWN|level=AT_SUPPORT|event=FALSE_BREAK,state=NORMAL_FLOW|energy=MEDIUM|align=MIXED/DOWN|level=NEAR_SUPPORT|event=BREAKOUT,SWEEP_OR_FALSE_BREAK,NORMAL_FLOW,FALSE_BREAK,BREAKOUT,33,1304,0.02530674846625767
state=SWEEP_OR_FALSE_BREAK|energy=LOW|align=MIXED/DOWN|level=AT_SUPPORT|event=FALSE_BREAK,state=SWEEP_OR_FALSE_BREAK|energy=LOW|align=NONE/MIXED|level=AT_SUPPORT|event=FALSE_BREAK,SWEEP_OR_FALSE_BREAK,SWEEP_OR_FALSE_BREAK,FALSE_BREAK,FALSE_BREAK,33,1304,0.02530674846625767
state=SWEEP_OR_FALSE_BREAK|energy=MEDIUM|align=MIXED/DOWN|level=AT_SUPPORT|event=FALSE_BREAK,state=SWEEP_OR_FALSE_BREAK|energy=LOW|align=NONE/MIXED|level=AT_SUPPORT|event=FALSE_BREAK,SWEEP_OR_FALSE_BREAK,SWEEP_OR_FALSE_BREAK,FALSE_BREAK,FALSE_BREAK,34,1353,0.025129342202512936
state=SWEEP_OR_FALSE_BREAK|energy=MEDIUM|align=NONE/MIXED|level=AT_SUPPORT|event=FALSE_BREAK,state=SWEEP_OR_FALSE_BREAK|energy=HIGH|align=MIXED/UP|level=AT_RESISTANCE|event=FALSE_BREAK,SWEEP_OR_FALSE_BREAK,SWEEP_OR_FALSE_BREAK,FALSE_BREAK,FALSE_BREAK,31,1235,0.025101214574898785
state=SWEEP_OR_FALSE_BREAK|energy=MEDIUM|align=NONE/MIXED|level=AT_SUPPORT|event=FALSE_BREAK,state=SWEEP_OR_FALSE_BREAK|energy=LOW|align=NONE/MIXED|level=AT_SUPPORT|event=FALSE_BREAK,SWEEP_OR_FALSE_BREAK,SWEEP_OR_FALSE_BREAK,FALSE_BREAK,FALSE_BREAK,31,1235,0.025101214574898785
state=NORMAL_FLOW|energy=MEDIUM|align=MIXED/DOWN|level=AT_SUPPORT|event=BREAKOUT,state=NORMAL_FLOW|energy=MEDIUM|align=NONE/MIXED|level=AT_RESISTANCE|event=BREAKOUT,NORMAL_FLOW,NORMAL_FLOW,BREAKOUT,BREAKOUT,30,1203,0.02493765586034913
state=SWEEP_OR_FALSE_BREAK|energy=LOW|align=MIXED/DOWN|level=AT_SUPPORT|event=FALSE_BREAK,state=NORMAL_FLOW|energy=MEDIUM|align=FULL/DOWN|level=AT_SUPPORT|event=BREAKOUT,SWEEP_OR_FALSE_BREAK,NORMAL_FLOW,FALSE_BREAK,BREAKOUT,32,1304,0.024539877300613498
state=SWEEP_OR_FALSE_BREAK|energy=MEDIUM|align=MIXED/DOWN|level=AT_SUPPORT|event=FALSE_BREAK,state=SWEEP_OR_FALSE_BREAK|energy=MEDIUM|align=FULL/DOWN|level=AT_SUPPORT|event=FALSE_BREAK,SWEEP_OR_FALSE_BREAK,SWEEP_OR_FALSE_BREAK,FALSE_BREAK,FALSE_BREAK,33,1353,0.024390243902439025
state=SWEEP_OR_FALSE_BREAK|energy=MEDIUM|align=NONE/MIXED|level=AT_SUPPORT|event=FALSE_BREAK,state=SWEEP_OR_FALSE_BREAK|energy=MEDIUM|align=NONE/MIXED|level=AT_RESISTANCE|event=FALSE_BREAK,SWEEP_OR_FALSE_BREAK,SWEEP_OR_FALSE_BREAK,FALSE_BREAK,FALSE_BREAK,30,1235,0.024291497975708502
state=SWEEP_OR_FALSE_BREAK|energy=MEDIUM|align=MIXED/UP|level=AT_RESISTANCE|event=FALSE_BREAK,state=NORMAL_FLOW|energy=MEDIUM|align=FULL/UP|level=AT_RESISTANCE|event=BREAKOUT,SWEEP_OR_FALSE_BREAK,NORMAL_FLOW,FALSE_BREAK,BREAKOUT,38,1580,0.024050632911392405
state=SWEEP_OR_FALSE_BREAK|energy=LOW|align=MIXED/UP|level=AT_RESISTANCE|event=FALSE_BREAK,state=SWEEP_OR_FALSE_BREAK|energy=LOW|align=NONE/MIXED|level=AT_RESISTANCE|event=FALSE_BREAK,SWEEP_OR_FALSE_BREAK,SWEEP_OR_FALSE_BREAK,FALSE_BREAK,FALSE_BREAK,45,1910,0.02356020942408377
state=SWEEP_OR_FALSE_BREAK|energy=LOW|align=NONE/MIXED|level=AT_RESISTANCE|event=FALSE_BREAK,state=NORMAL_FLOW|energy=MEDIUM|align=MIXED/UP|level=AT_RESISTANCE|event=BREAKOUT,SWEEP_OR_FALSE_BREAK,NORMAL_FLOW,FALSE_BREAK,BREAKOUT,39,1659,0.023508137432188065
state=NORMAL_FLOW|energy=MEDIUM|align=MIXED/UP|level=AT_RESISTANCE|event=BREAKOUT,state=LOW_RANGE|energy=LOW|align=MIXED/UP|level=AT_RESISTANCE|event=BREAKOUT,NORMAL_FLOW,LOW_RANGE,BREAKOUT,BREAKOUT,33,1412,0.023371104815864022
state=NORMAL_FLOW|energy=MEDIUM|align=MIXED/UP|level=AT_RESISTANCE|event=BREAKOUT,state=NORMAL_FLOW|energy=LOW|align=NONE/MIXED|level=NEAR_RESISTANCE|event=NONE,NORMAL_FLOW,NORMAL_FLOW,BREAKOUT,NONE,33,1412,0.023371104815864022
state=SWEEP_OR_FALSE_BREAK|energy=MEDIUM|align=NONE/MIXED|level=AT_RESISTANCE|event=FALSE_BREAK,state=NORMAL_FLOW|energy=MEDIUM|align=NONE/MIXED|level=AT_SUPPORT|event=BREAKOUT,SWEEP_OR_FALSE_BREAK,NORMAL_FLOW,FALSE_BREAK,BREAKOUT,30,1315,0.022813688212927757
state=SWEEP_OR_FALSE_BREAK|energy=MEDIUM|align=MIXED/UP|level=AT_RESISTANCE|event=FALSE_BREAK,state=NORMAL_FLOW|energy=HIGH|align=FULL/UP|level=AT_RESISTANCE|event=BREAKOUT,SWEEP_OR_FALSE_BREAK,NORMAL_FLOW,FALSE_BREAK,BREAKOUT,36,1580,0.02278481012658228
state=SWEEP_OR_FALSE_BREAK|energy=LOW|align=MIXED/UP|level=AT_RESISTANCE|event=FALSE_BREAK,state=NORMAL_FLOW|energy=LOW|align=MIXED/UP|level=AT_RESISTANCE|event=BREAKOUT,SWEEP_OR_FALSE_BREAK,NORMAL_FLOW,FALSE_BREAK,BREAKOUT,43,1910,0.022513089005235604
state=SWEEP_OR_FALSE_BREAK|energy=LOW|align=MIXED/UP|level=AT_RESISTANCE|event=FALSE_BREAK,state=SWEEP_OR_FALSE_BREAK|energy=MEDIUM|align=MIXED/UP|level=AT_RESISTANCE|event=FALSE_BREAK,SWEEP_OR_FALSE_BREAK,SWEEP_OR_FALSE_BREAK,FALSE_BREAK,FALSE_BREAK,43,1910,0.022513089005235604
state=SWEEP_OR_FALSE_BREAK|energy=LOW|align=NONE/MIXED|level=AT_RESISTANCE|event=FALSE_BREAK,state=SWEEP_OR_FALSE_BREAK|energy=MEDIUM|align=MIXED/DOWN|level=AT_SUPPORT|event=FALSE_BREAK,SWEEP_OR_FALSE_BREAK,SWEEP_OR_FALSE_BREAK,FALSE_BREAK,FALSE_BREAK,37,1659,0.02230259192284509
state=NORMAL_FLOW|energy=MEDIUM|align=FULL/UP|level=AT_RESISTANCE|event=BREAKOUT,state=ACCEPTED_BREAKOUT|energy=HIGH|align=FULL/UP|level=AT_RESISTANCE|event=BREAKOUT,NORMAL_FLOW,ACCEPTED_BREAKOUT,BREAKOUT,BREAKOUT,45,2047,0.021983390327308255
state=NORMAL_FLOW|energy=MEDIUM|align=MIXED/UP|level=AT_RESISTANCE|event=BREAKOUT,state=SWEEP_OR_FALSE_BREAK|energy=MEDIUM|align=NONE/MIXED|level=NEAR_RESISTANCE|event=FALSE_BREAK,NORMAL_FLOW,SWEEP_OR_FALSE_BREAK,BREAKOUT,FALSE_BREAK,31,1412,0.021954674220963172
state=SWEEP_OR_FALSE_BREAK|energy=MEDIUM|align=MIXED/UP|level=AT_RESISTANCE|event=FALSE_BREAK,state=NORMAL_FLOW|energy=LOW|align=MIXED/UP|level=AT_RESISTANCE|event=BREAKOUT,SWEEP_OR_FALSE_BREAK,NORMAL_FLOW,FALSE_BREAK,BREAKOUT,34,1580,0.021518987341772152
state=SWEEP_OR_FALSE_BREAK|energy=LOW|align=MIXED/UP|level=AT_RESISTANCE|event=FALSE_BREAK,state=SWEEP_OR_FALSE_BREAK|energy=MEDIUM|align=FULL/UP|level=AT_RESISTANCE|event=FALSE_BREAK,SWEEP_OR_FALSE_BREAK,SWEEP_OR_FALSE_BREAK,FALSE_BREAK,FALSE_BREAK,41,1910,0.021465968586387434
state=SWEEP_OR_FALSE_BREAK|energy=LOW|align=NONE/MIXED|level=AT_RESISTANCE|event=FALSE_BREAK,state=NORMAL_FLOW|energy=MEDIUM|align=MIXED/DOWN|level=NEAR_SUPPORT|event=BREAKOUT,SWEEP_OR_FALSE_BREAK,NORMAL_FLOW,FALSE_BREAK,BREAKOUT,34,1659,0.020494273658830622
state=SWEEP_OR_FALSE_BREAK|energy=LOW|align=MIXED/UP|level=AT_RESISTANCE|event=FALSE_BREAK,state=SWEEP_OR_FALSE_BREAK|energy=LOW|align=MIXED/UP|level=AT_SUPPORT|event=FALSE_BREAK,SWEEP_OR_FALSE_BREAK,SWEEP_OR_FALSE_BREAK,FALSE_BREAK,FALSE_BREAK,39,1910,0.020418848167539267
state=NORMAL_FLOW|energy=MEDIUM|align=FULL/UP|level=AT_RESISTANCE|event=BREAKOUT,state=EXPANSION|energy=HIGH|align=FULL/UP|level=AT_RESISTANCE|event=BREAKOUT,NORMAL_FLOW,EXPANSION,BREAKOUT,BREAKOUT,41,2047,0.020029311187103077
state=SWEEP_OR_FALSE_BREAK|energy=LOW|align=NONE/MIXED|level=AT_RESISTANCE|event=FALSE_BREAK,state=NORMAL_FLOW|energy=MEDIUM|align=NONE/MIXED|level=AT_SUPPORT|event=BREAKOUT,SWEEP_OR_FALSE_BREAK,NORMAL_FLOW,FALSE_BREAK,BREAKOUT,33,1659,0.019891500904159132
state=SWEEP_OR_FALSE_BREAK|energy=LOW|align=NONE/MIXED|level=AT_RESISTANCE|event=FALSE_BREAK,state=NORMAL_FLOW|energy=MEDIUM|align=NONE/MIXED|level=AT_RESISTANCE|event=BREAKOUT,SWEEP_OR_FALSE_BREAK,NORMAL_FLOW,FALSE_BREAK,BREAKOUT,32,1659,0.019288728149487643
state=SWEEP_OR_FALSE_BREAK|energy=LOW|align=MIXED/UP|level=AT_RESISTANCE|event=FALSE_BREAK,state=NORMAL_FLOW|energy=LOW|align=NONE/MIXED|level=AT_SUPPORT|event=BREAKOUT,SWEEP_OR_FALSE_BREAK,NORMAL_FLOW,FALSE_BREAK,BREAKOUT,36,1910,0.018848167539267015
state=SWEEP_OR_FALSE_BREAK|energy=LOW|align=NONE/MIXED|level=AT_RESISTANCE|event=FALSE_BREAK,state=NORMAL_FLOW|energy=LOW|align=MIXED/DOWN|level=AT_SUPPORT|event=BREAKOUT,SWEEP_OR_FALSE_BREAK,NORMAL_FLOW,FALSE_BREAK,BREAKOUT,31,1659,0.018685955394816153
state=SWEEP_OR_FALSE_BREAK|energy=LOW|align=MIXED/UP|level=AT_RESISTANCE|event=FALSE_BREAK,state=NORMAL_FLOW|energy=MEDIUM|align=MIXED/UP|level=NEAR_RESISTANCE|event=BREAKOUT,SWEEP_OR_FALSE_BREAK,NORMAL_FLOW,FALSE_BREAK,BREAKOUT,35,1910,0.01832460732984293
state=SWEEP_OR_FALSE_BREAK|energy=LOW|align=MIXED/UP|level=AT_RESISTANCE|event=FALSE_BREAK,state=SWEEP_OR_FALSE_BREAK|energy=MEDIUM|align=NONE/MIXED|level=AT_SUPPORT|event=FALSE_BREAK,SWEEP_OR_FALSE_BREAK,SWEEP_OR_FALSE_BREAK,FALSE_BREAK,FALSE_BREAK,35,1910,0.01832460732984293
state=SWEEP_OR_FALSE_BREAK|energy=LOW|align=MIXED/UP|level=AT_RESISTANCE|event=FALSE_BREAK,state=SWEEP_OR_FALSE_BREAK|energy=VERY_LOW|align=MIXED/UP|level=AT_RESISTANCE|event=FALSE_BREAK,SWEEP_OR_FALSE_BREAK,SWEEP_OR_FALSE_BREAK,FALSE_BREAK,FALSE_BREAK,31,1910,0.016230366492146597
state=NORMAL_FLOW|energy=MEDIUM|align=FULL/UP|level=AT_RESISTANCE|event=BREAKOUT,state=SWEEP_OR_FALSE_BREAK|energy=LOW|align=MIXED/UP|level=AT_SUPPORT|event=FALSE_BREAK,NORMAL_FLOW,SWEEP_OR_FALSE_BREAK,BREAKOUT,FALSE_BREAK,33,2047,0.01612115290669272
state=SWEEP_OR_FALSE_BREAK|energy=LOW|align=MIXED/UP|level=AT_RESISTANCE|event=FALSE_BREAK,state=NORMAL_FLOW|energy=LOW|align=FULL/UP|level=AT_RESISTANCE|event=BREAKOUT,SWEEP_OR_FALSE_BREAK,NORMAL_FLOW,FALSE_BREAK,BREAKOUT,30,1910,0.015706806282722512
state=NORMAL_FLOW|energy=MEDIUM|align=FULL/UP|level=AT_RESISTANCE|event=BREAKOUT,state=SWEEP_OR_FALSE_BREAK|energy=LOW|align=MIXED/UP|level=NEAR_RESISTANCE|event=FALSE_BREAK,NORMAL_FLOW,SWEEP_OR_FALSE_BREAK,BREAKOUT,FALSE_BREAK,32,2047,0.015632633121641426
state=NORMAL_FLOW|energy=MEDIUM|align=FULL/UP|level=AT_RESISTANCE|event=BREAKOUT,state=SWEEP_OR_FALSE_BREAK|energy=MEDIUM|align=MIXED/UP|level=NEAR_RESISTANCE|event=FALSE_BREAK,NORMAL_FLOW,SWEEP_OR_FALSE_BREAK,BREAKOUT,FALSE_BREAK,32,2047,0.015632633121641426
